direction,advance_deg,observer_lead_us,repeat,t_ms,angle_turn16,position_turns,rpm,speed_rpm
1,90,-100,0,0.000,8754,0.000000,6217,6217
1,90,-100,0,1.000,11230,0.037781,2266,2266
1,90,-100,0,2.000,13857,0.077866,2405,2405
1,90,-100,0,3.000,16023,0.110916,1983,1983
1,90,-100,0,4.000,19469,0.163498,3154,3154
1,90,-100,0,5.000,22467,0.209244,2744,2744
1,90,-100,0,6.000,25517,0.255783,2792,2792
1,90,-100,0,7.000,29210,0.312134,3381,3381
1,90,-100,0,8.000,32567,0.363358,3073,3073
1,90,-100,0,9.000,36779,0.427628,3856,3856
1,90,-100,0,10.000,40874,0.490112,3749,3749
1,90,-100,0,11.000,44965,0.552536,3745,3745
1,90,-100,0,12.000,48900,0.612579,3602,3602
1,90,-100,0,13.000,52475,0.667130,3273,3273
1,90,-100,0,14.000,57261,0.740158,4381,4381
1,90,-100,0,15.000,61504,0.804901,3884,3884
1,90,-100,0,16.000,492,0.873932,4141,4141
1,90,-100,0,17.000,4730,0.938599,3880,3880
1,90,-100,0,18.000,9285,1.008102,4170,4170
1,90,-100,0,19.000,14241,1.083725,4537,4537
1,90,-100,0,20.000,18628,1.150665,4016,4016
1,90,-100,0,21.000,22887,1.215652,3899,3899
1,90,-100,0,22.000,27717,1.289352,4421,4421
1,90,-100,0,23.000,31856,1.352509,3789,3789
1,90,-100,0,24.000,36989,1.430832,4699,4699
1,90,-100,0,25.000,41823,1.504593,4425,4425
1,90,-100,0,26.000,46202,1.571411,4009,4009
1,90,-100,0,27.000,50996,1.644562,4389,4389
1,90,-100,0,28.000,55670,1.715881,4279,4279
1,90,-100,0,29.000,59840,1.779510,3817,3817
1,90,-100,0,30.000,65142,1.860413,4854,4854
1,90,-100,0,31.000,3998,1.927429,4020,4020
1,90,-100,0,32.000,8941,2.002853,4525,4525
1,90,-100,0,33.000,13800,2.076996,4448,4448
1,90,-100,0,34.000,18578,2.149902,4374,4374
1,90,-100,0,35.000,22988,2.217194,4037,4037
1,90,-100,0,36.000,28032,2.294159,4617,4617
1,90,-100,0,37.000,32507,2.362442,4096,4096
1,90,-100,0,38.000,37471,2.438187,4544,4544
1,90,-100,0,39.000,42608,2.516571,4703,4703
1,90,-100,0,40.000,47058,2.584473,4074,4074
1,90,-100,0,41.000,51659,2.654678,4212,4212
1,90,-100,0,42.000,56802,2.733154,4708,4708
1,90,-100,0,43.000,61157,2.799606,3987,3987
1,90,-100,0,44.000,630,2.876038,4585,4585
1,90,-100,0,45.000,5490,2.950195,4449,4449
1,90,-100,0,46.000,10349,3.024338,4448,4448
1,90,-100,0,47.000,14710,3.090881,3992,3992
1,90,-100,0,48.000,19824,3.168915,4682,4682
1,90,-100,0,49.000,24491,3.240128,4272,4272
1,90,-100,0,50.000,29465,3.316025,4553,4553
1,90,-100,0,51.000,35036,3.401031,5100,5100
1,90,-100,0,52.000,39504,3.469208,4090,4090
1,90,-100,0,53.000,43848,3.535492,3977,3977
1,90,-100,0,54.000,48637,3.608566,4384,4384
1,90,-100,0,55.000,53066,3.676147,4054,4054
1,90,-100,0,56.000,58244,3.755157,4740,4740
1,90,-100,0,57.000,63443,3.834488,4759,4759
1,90,-100,0,58.000,2455,3.903885,4163,4163
1,90,-100,0,59.000,7717,3.984177,4817,4817
1,90,-100,0,60.000,12380,4.055328,4269,4269
1,90,-100,0,61.000,16363,4.116104,3646,3646
1,90,-100,0,62.000,21804,4.199127,4981,4981
1,90,-100,0,63.000,26563,4.271744,4356,4356
1,90,-100,0,64.000,30882,4.337646,3954,3954
1,90,-100,0,65.000,36616,4.425140,5249,5249
1,90,-100,0,66.000,41572,4.500763,4537,4537
1,90,-100,0,67.000,46179,4.571060,4217,4217
1,90,-100,0,68.000,51059,4.645523,4467,4467
1,90,-100,0,69.000,56147,4.723160,4658,4658
1,90,-100,0,70.000,60071,4.783035,3592,3592
1,90,-100,0,71.000,179,4.869156,5167,5167
1,90,-100,0,72.000,5017,4.942978,4429,4429
1,90,-100,0,73.000,9370,5.009399,3985,3985
1,90,-100,0,74.000,14527,5.088089,4721,4721
1,90,-100,0,75.000,19684,5.166779,4721,4721
1,90,-100,0,76.000,24425,5.239120,4340,4340
1,90,-100,0,77.000,29484,5.316315,4631,4631
1,90,-100,0,78.000,35131,5.402481,5169,5169
1,90,-100,0,79.000,39828,5.474152,4300,4300
1,90,-100,0,80.000,44253,5.541672,4051,4051
1,90,-100,0,81.000,49021,5.614426,4365,4365
1,90,-100,0,82.000,53702,5.685852,4285,4285
1,90,-100,0,83.000,58870,5.764709,4731,4731
1,90,-100,0,84.000,64198,5.846008,4877,4877
1,90,-100,0,85.000,3128,5.914154,4088,4088
1,90,-100,0,86.000,8279,5.992752,4715,4715
1,90,-100,0,87.000,13089,6.066147,4403,4403
1,90,-100,0,88.000,17450,6.132690,3992,3992
1,90,-100,0,89.000,22239,6.205765,4384,4384
1,90,-100,0,90.000,27071,6.279495,4423,4423
1,90,-100,0,91.000,31385,6.345322,3949,3949
1,90,-100,0,92.000,36871,6.429031,5022,5022
1,90,-100,0,93.000,41401,6.498154,4147,4147
1,90,-100,0,94.000,46337,6.573471,4519,4519
1,90,-100,0,95.000,51132,6.646637,4389,4389
1,90,-100,0,96.000,56292,6.725372,4724,4724
1,90,-100,0,97.000,60066,6.782959,3455,3455
1,90,-100,0,98.000,64,6.867401,5066,5066
1,90,-100,0,99.000,4818,6.939941,4352,4352
1,90,-100,0,100.000,9131,7.005753,3948,3948
1,90,-100,0,101.000,14348,7.085358,4776,4776
1,90,-100,0,102.000,19347,7.161636,4576,4576
1,90,-100,0,103.000,23923,7.231461,4189,4189
1,90,-100,0,104.000,29064,7.309906,4706,4706
1,90,-100,0,105.000,34486,7.392639,4963,4963
1,90,-100,0,106.000,38071,7.447342,3282,3282
1,90,-100,0,107.000,43375,7.528275,4855,4855
1,90,-100,0,108.000,48279,7.603104,4489,4489
1,90,-100,0,109.000,52645,7.669724,3997,3997
1,90,-100,0,110.000,57879,7.749588,4791,4791
1,90,-100,0,111.000,62870,7.825745,4569,4569
1,90,-100,0,112.000,1956,7.896271,4231,4231
1,90,-100,0,113.000,6527,7.966019,4184,4184
1,90,-100,0,114.000,11262,8.038269,4335,4335
1,90,-100,0,115.000,15572,8.104034,3945,3945
1,90,-100,0,116.000,20785,8.183578,4772,4772
1,90,-100,0,117.000,25313,8.252670,4145,4145
1,90,-100,0,118.000,30083,8.325455,4367,4367
1,90,-100,0,119.000,35560,8.409027,5014,5014
1,90,-100,0,120.000,39784,8.473480,3867,3867
1,90,-100,0,121.000,44609,8.547104,4417,4417
1,90,-100,0,122.000,49252,8.617950,4250,4250
1,90,-100,0,123.000,53805,8.687424,4168,4168
1,90,-100,0,124.000,58877,8.764816,4643,4643
1,90,-100,0,125.000,64076,8.844147,4759,4759
1,90,-100,0,126.000,2974,8.911804,4059,4059
1,90,-100,0,127.000,7791,8.985306,4410,4410
1,90,-100,0,128.000,12922,9.063599,4697,4697
1,90,-100,0,129.000,16921,9.124619,3661,3661
1,90,-100,0,130.000,21994,9.202026,4644,4644
1,90,-100,0,131.000,26681,9.273544,4291,4291
1,90,-100,0,132.000,30924,9.338287,3884,3884
1,90,-100,0,133.000,36514,9.423584,5117,5117
1,90,-100,0,134.000,40808,9.489105,3931,3931
1,90,-100,0,135.000,45584,9.561981,4372,4372
1,90,-100,0,136.000,50192,9.632294,4218,4218
1,90,-100,0,137.000,54647,9.700272,4078,4078
1,90,-100,0,138.000,59352,9.772064,4307,4307
1,90,-100,0,139.000,64588,9.851959,4793,4793
1,90,-100,0,140.000,3035,9.912735,3646,3646
1,90,-100,0,141.000,8119,9.990311,4654,4654
1,90,-100,0,142.000,13261,10.068771,4707,4707
1,90,-100,0,143.000,17506,10.133545,3886,3886
1,90,-100,0,144.000,22217,10.205429,4313,4313
1,90,-100,0,145.000,26946,10.277588,4329,4329
1,90,-100,0,146.000,31126,10.341370,3826,3826
1,90,-100,0,147.000,36276,10.419952,4714,4714
1,90,-100,0,148.000,40930,10.490967,4260,4260
1,90,-100,0,149.000,45662,10.563171,4332,4332
1,90,-100,0,150.000,50407,10.635574,4344,4344
1,90,-100,0,151.000,55010,10.705811,4214,4214
1,90,-100,0,152.000,59511,10.774490,4120,4120
1,90,-100,0,153.000,64769,10.854721,4813,4813
1,90,-100,0,154.000,3239,10.915848,3667,3667
1,90,-100,0,155.000,8321,10.993393,4652,4652
1,90,-100,0,156.000,13479,11.072098,4722,4722
1,90,-100,0,157.000,18003,11.141129,4141,4141
1,90,-100,0,158.000,22475,11.209366,4094,4094
1,90,-100,0,159.000,27289,11.282822,4407,4407
-1,90,-100,0,0.000,17472,0.000000,5683,5683
-1,90,-100,0,1.000,19546,0.031647,1898,1898
-1,90,-100,0,2.000,21862,0.066986,2120,2120
-1,90,-100,0,3.000,23864,0.097534,1832,1832
-1,90,-100,0,4.000,26611,0.139450,2514,2514
-1,90,-100,0,5.000,29429,0.182449,2579,2579
-1,90,-100,0,6.000,32061,0.222610,2409,2409
-1,90,-100,0,7.000,35926,0.281586,3538,3538
-1,90,-100,0,8.000,38999,0.328476,2813,2813
-1,90,-100,0,9.000,42733,0.385452,3418,3418
-1,90,-100,0,10.000,46142,0.437469,3121,3121
-1,90,-100,0,11.000,49815,0.493515,3362,3362
-1,90,-100,0,12.000,53425,0.548599,3305,3305
-1,90,-100,0,13.000,57870,0.616425,4069,4069
-1,90,-100,0,14.000,62201,0.682510,3965,3965
-1,90,-100,0,15.000,627,0.742966,3627,3627
-1,90,-100,0,16.000,4547,0.802780,3588,3588
-1,90,-100,0,17.000,8590,0.864471,3701,3701
-1,90,-100,0,18.000,13420,0.938171,4421,4421
-1,90,-100,0,19.000,17273,0.996964,3527,3527
-1,90,-100,0,20.000,21796,1.065979,4140,4140
-1,90,-100,0,21.000,25994,1.130035,3843,3843
-1,90,-100,0,22.000,30234,1.194733,3881,3881
-1,90,-100,0,23.000,35058,1.268341,4416,4416
-1,90,-100,0,24.000,38867,1.326462,3487,3487
-1,90,-100,0,25.000,43507,1.397263,4248,4248
-1,90,-100,0,26.000,47979,1.465500,4094,4094
-1,90,-100,0,27.000,52155,1.529221,3823,3823
-1,90,-100,0,28.000,56974,1.602753,4411,4411
-1,90,-100,0,29.000,60951,1.663437,3641,3641
-1,90,-100,0,30.000,65325,1.730179,4004,4004
-1,90,-100,0,31.000,3977,1.794083,3834,3834
-1,90,-100,0,32.000,8689,1.865982,4313,4313
-1,90,-100,0,33.000,13647,1.941635,4539,4539
-1,90,-100,0,34.000,18014,2.008270,3998,3998
-1,90,-100,0,35.000,22334,2.074188,3955,3955
-1,90,-100,0,36.000,26903,2.143906,4183,4183
-1,90,-100,0,37.000,30658,2.201202,3437,3437
-1,90,-100,0,38.000,36106,2.284332,4987,4987
-1,90,-100,0,39.000,40676,2.354065,4183,4183
-1,90,-100,0,40.000,45344,2.425293,4273,4273
-1,90,-100,0,41.000,49886,2.494598,4158,4158
-1,90,-100,0,42.000,54109,2.559036,3866,3866
-1,90,-100,0,43.000,58568,2.627075,4082,4082
-1,90,-100,0,44.000,63602,2.703888,4608,4608
-1,90,-100,0,45.000,2408,2.770142,3975,3975
-1,90,-100,0,46.000,7524,2.848206,4683,4683
-1,90,-100,0,47.000,12235,2.920090,4313,4313
-1,90,-100,0,48.000,16072,2.978638,3512,3512
-1,90,-100,0,49.000,21222,3.057220,4714,4714
-1,90,-100,0,50.000,25293,3.119339,3727,3727
-1,90,-100,0,51.000,30000,3.191162,4309,4309
-1,90,-100,0,52.000,35375,3.273178,4920,4920
-1,90,-100,0,53.000,39931,3.342697,4171,4171
-1,90,-100,0,54.000,44471,3.411972,4156,4156
-1,90,-100,0,55.000,48953,3.480362,4103,4103
-1,90,-100,0,56.000,53319,3.546982,3997,3997
-1,90,-100,0,57.000,58043,3.619064,4324,4324
-1,90,-100,0,58.000,63012,3.694885,4549,4549
-1,90,-100,0,59.000,2003,3.763962,4144,4144
-1,90,-100,0,60.000,7112,3.841919,4677,4677
-1,90,-100,0,61.000,11542,3.909515,4055,4055
-1,90,-100,0,62.000,15715,3.973190,3820,3820
-1,90,-100,0,63.000,20365,4.044144,4257,4257
-1,90,-100,0,64.000,24767,4.111313,4030,4030
-1,90,-100,0,65.000,29609,4.185196,4432,4432
-1,90,-100,0,66.000,34984,4.267212,4920,4920
-1,90,-100,0,67.000,39008,4.328613,3684,3684
-1,90,-100,0,68.000,43815,4.401962,4400,4400
-1,90,-100,0,69.000,48504,4.473511,4292,4292
-1,90,-100,0,70.000,52490,4.534332,3649,3649
-1,90,-100,0,71.000,57485,4.610550,4573,4573
-1,90,-100,0,72.000,62332,4.684509,4437,4437
-1,90,-100,0,73.000,1285,4.753006,4109,4109
-1,90,-100,0,74.000,5921,4.823746,4244,4244
-1,90,-100,0,75.000,10493,4.893509,4185,4185
-1,90,-100,0,76.000,15046,4.962982,4168,4168
-1,90,-100,0,77.000,19655,5.033310,4219,4219
-1,90,-100,0,78.000,24152,5.101929,4117,4117
-1,90,-100,0,79.000,29147,5.178146,4573,4573
-1,90,-100,0,80.000,34562,5.260773,4957,4957
-1,90,-100,0,81.000,38511,5.321030,3615,3615
-1,90,-100,0,82.000,43581,5.398392,4641,4641
-1,90,-100,0,83.000,47890,5.464142,3945,3945
-1,90,-100,0,84.000,52332,5.531921,4066,4066
-1,90,-100,0,85.000,57409,5.609390,4648,4648
-1,90,-100,0,86.000,62242,5.683136,4424,4424
-1,90,-100,0,87.000,1298,5.753204,4204,4204
-1,90,-100,0,88.000,5921,5.823746,4232,4232
-1,90,-100,0,89.000,10488,5.893433,4181,4181
-1,90,-100,0,90.000,14598,5.956146,3762,3762
-1,90,-100,0,91.000,19539,6.031540,4523,4523
-1,90,-100,0,92.000,23842,6.097198,3939,3939
-1,90,-100,0,93.000,28722,6.171661,4467,4467
-1,90,-100,0,94.000,33335,6.242050,4223,4223
-1,90,-100,0,95.000,37745,6.309341,4037,4037
-1,90,-100,0,96.000,42815,6.386703,4641,4641
-1,90,-100,0,97.000,47120,6.452393,3941,3941
-1,90,-100,0,98.000,51608,6.520874,4108,4108
-1,90,-100,0,99.000,56593,6.596939,4563,4563
-1,90,-100,0,100.000,60276,6.653137,3371,3371
-1,90,-100,0,101.000,65525,6.733231,4805,4805
-1,90,-100,0,102.000,4375,6.800156,4015,4015
-1,90,-100,0,103.000,9007,6.870834,4240,4240
-1,90,-100,0,104.000,13722,6.942780,4316,4316
-1,90,-100,0,105.000,18300,7.012634,4191,4191
-1,90,-100,0,106.000,22545,7.077408,3886,3886
-1,90,-100,0,107.000,27219,7.148727,4279,4279
-1,90,-100,0,108.000,31191,7.209335,3636,3636
-1,90,-100,0,109.000,36487,7.290146,4848,4848
-1,90,-100,0,110.000,40649,7.353653,3810,3810
-1,90,-100,0,111.000,45264,7.424072,4225,4225
-1,90,-100,0,112.000,49666,7.491241,4030,4030
-1,90,-100,0,113.000,54006,7.557465,3973,3973
-1,90,-100,0,114.000,58885,7.631912,4466,4466
-1,90,-100,0,115.000,63913,7.708633,4603,4603
-1,90,-100,0,116.000,2646,7.773773,3908,3908
-1,90,-100,0,117.000,7474,7.847443,4420,4420
-1,90,-100,0,118.000,12146,7.918732,4277,4277
-1,90,-100,0,119.000,16055,7.978378,3578,3578
-1,90,-100,0,120.000,21148,8.056091,4662,4662
-1,90,-100,0,121.000,25658,8.124908,4129,4129
-1,90,-100,0,122.000,30262,8.195160,4215,4215
-1,90,-100,0,123.000,35626,8.277008,4910,4910
-1,90,-100,0,124.000,39719,8.339462,3747,3747
-1,90,-100,0,125.000,44409,8.411026,4293,4293
-1,90,-100,0,126.000,48973,8.480667,4178,4178
-1,90,-100,0,127.000,53268,8.546204,3932,3932
-1,90,-100,0,128.000,58372,8.624084,4672,4672
-1,90,-100,0,129.000,63395,8.700729,4598,4598
-1,90,-100,0,130.000,2290,8.768341,4056,4056
-1,90,-100,0,131.000,7084,8.841492,4389,4389
-1,90,-100,0,132.000,11593,8.910294,4128,4128
-1,90,-100,0,133.000,15723,8.973312,3781,3781
-1,90,-100,0,134.000,20752,9.050049,4604,4604
-1,90,-100,0,135.000,25237,9.118484,4106,4106
-1,90,-100,0,136.000,29949,9.190384,4313,4313
-1,90,-100,0,137.000,35285,9.271805,4885,4885
-1,90,-100,0,138.000,39036,9.329041,3434,3434
-1,90,-100,0,139.000,43800,9.401733,4361,4361
-1,90,-100,0,140.000,48455,9.472763,4261,4261
-1,90,-100,0,141.000,52696,9.537476,3882,3882
-1,90,-100,0,142.000,57750,9.614594,4627,4627
-1,90,-100,0,143.000,62564,9.688049,4407,4407
-1,90,-100,0,144.000,1076,9.749817,3706,3706
-1,90,-100,0,145.000,5702,9.820404,4235,4235
-1,90,-100,0,146.000,10350,9.891327,4255,4255
-1,90,-100,0,147.000,14885,9.960526,4151,4151
-1,90,-100,0,148.000,19858,10.036407,4552,4552
-1,90,-100,0,149.000,24203,10.102707,3977,3977
-1,90,-100,0,150.000,29208,10.179077,4582,4582
-1,90,-100,0,151.000,33643,10.246750,4060,4060
-1,90,-100,0,152.000,37925,10.312088,3920,3920
-1,90,-100,0,153.000,43033,10.390030,4676,4676
-1,90,-100,0,154.000,47746,10.461945,4314,4314
-1,90,-100,0,155.000,52089,10.528214,3976,3976
-1,90,-100,0,156.000,57072,10.604248,4562,4562
-1,90,-100,0,157.000,61650,10.674103,4191,4191
-1,90,-100,0,158.000,367,10.738998,3893,3893
-1,90,-100,0,159.000,4891,10.808029,4141,4141
1,90,0,0,0.000,43205,0.000000,4700,4700
1,90,0,0,1.000,44735,0.023346,1400,1400
1,90,0,0,2.000,46747,0.054047,1842,1842
1,90,0,0,3.000,48831,0.085846,1907,1907
1,90,0,0,4.000,51532,0.127060,2472,2472
1,90,0,0,5.000,54083,0.165985,2335,2335
1,90,0,0,6.000,57253,0.214355,2902,2902
1,90,0,0,7.000,59963,0.255707,2481,2481
1,90,0,0,8.000,64279,0.321564,3951,3951
1,90,0,0,9.000,2203,0.374359,3167,3167
1,90,0,0,10.000,6175,0.434967,3636,3636
1,90,0,0,11.000,9926,0.492203,3434,3434
1,90,0,0,12.000,14223,0.557770,3934,3934
1,90,0,0,13.000,18248,0.619186,3684,3684
1,90,0,0,14.000,22345,0.681702,3750,3750
1,90,0,0,15.000,26826,0.750076,4102,4102
1,90,0,0,16.000,30784,0.810471,3623,3623
1,90,0,0,17.000,36166,0.892593,4927,4927
1,90,0,0,18.000,40720,0.962082,4169,4169
1,90,0,0,19.000,45449,1.034241,4329,4329
1,90,0,0,20.000,49639,1.098175,3836,3836
1,90,0,0,21.000,54161,1.167175,4140,4140
1,90,0,0,22.000,59132,1.243027,4551,4551
1,90,0,0,23.000,64561,1.325867,4970,4970
1,90,0,0,24.000,3434,1.393143,4036,4036
1,90,0,0,25.000,8726,1.473892,4844,4844
1,90,0,0,26.000,13681,1.549500,4536,4536
1,90,0,0,27.000,18669,1.625610,4566,4566
1,90,0,0,28.000,23428,1.698227,4356,4356
1,90,0,0,29.000,28901,1.781738,5010,5010
1,90,0,0,30.000,34703,1.870270,5311,5311
1,90,0,0,31.000,39478,1.943130,4371,4371
1,90,0,0,32.000,44776,2.023972,4850,4850
1,90,0,0,33.000,49292,2.092880,4134,4134
1,90,0,0,34.000,54367,2.170319,4646,4646
1,90,0,0,35.000,59588,2.249985,4779,4779
1,90,0,0,36.000,65293,2.337036,5223,5223
1,90,0,0,37.000,4877,2.415161,4687,4687
1,90,0,0,38.000,10381,2.499146,5039,5039
1,90,0,0,39.000,15449,2.576477,4639,4639
1,90,0,0,40.000,20694,2.656509,4801,4801
1,90,0,0,41.000,25920,2.736252,4784,4784
1,90,0,0,42.000,30775,2.810333,4444,4444
1,90,0,0,43.000,36854,2.903091,5565,5565
1,90,0,0,44.000,42349,2.986938,5030,5030
1,90,0,0,45.000,47817,3.070374,5006,5006
1,90,0,0,46.000,52290,3.138626,4095,4095
1,90,0,0,47.000,58007,3.225861,5234,5234
1,90,0,0,48.000,63691,3.312592,5203,5203
1,90,0,0,49.000,3079,3.387726,4508,4508
1,90,0,0,50.000,8569,3.471497,5026,5026
1,90,0,0,51.000,14094,3.555801,5058,5058
1,90,0,0,52.000,19517,3.638550,4964,4964
1,90,0,0,53.000,24063,3.707916,4161,4161
1,90,0,0,54.000,29704,3.793991,5164,5164
1,90,0,0,55.000,35660,3.884872,5452,5452
1,90,0,0,56.000,40858,3.964188,4758,4758
1,90,0,0,57.000,46317,4.047485,4997,4997
1,90,0,0,58.000,51544,4.127243,4785,4785
1,90,0,0,59.000,57119,4.212311,5104,5104
1,90,0,0,60.000,62149,4.289062,4605,4605
1,90,0,0,61.000,1922,4.370071,4860,4860
1,90,0,0,62.000,7624,4.457077,5220,5220
1,90,0,0,63.000,13175,4.541779,5082,5082
1,90,0,0,64.000,18281,4.619690,4674,4674
1,90,0,0,65.000,23352,4.697067,4642,4642
1,90,0,0,66.000,29148,4.785507,5306,5306
1,90,0,0,67.000,34759,4.871124,5137,5137
1,90,0,0,68.000,40074,4.952225,4866,4866
1,90,0,0,69.000,45397,5.033447,4873,4873
1,90,0,0,70.000,50996,5.118881,5126,5126
1,90,0,0,71.000,56633,5.204895,5160,5160
1,90,0,0,72.000,62052,5.287582,4961,4961
1,90,0,0,73.000,1391,5.361969,4463,4463
1,90,0,0,74.000,7381,5.453369,5484,5484
1,90,0,0,75.000,12976,5.538742,5122,5122
1,90,0,0,76.000,18152,5.617722,4738,4738
1,90,0,0,77.000,23298,5.696243,4711,4711
1,90,0,0,78.000,29068,5.784286,5282,5282
1,90,0,0,79.000,35196,5.877792,5610,5610
1,90,0,0,80.000,39975,5.950714,4375,4375
1,90,0,0,81.000,45441,6.034119,5004,5004
1,90,0,0,82.000,51021,6.119263,5108,5108
1,90,0,0,83.000,56640,6.205002,5144,5144
1,90,0,0,84.000,61913,6.285461,4827,4827
1,90,0,0,85.000,1887,6.369537,5044,5044
1,90,0,0,86.000,7594,6.456619,5224,5224
1,90,0,0,87.000,12830,6.536514,4793,4793
1,90,0,0,88.000,17861,6.613281,4606,4606
1,90,0,0,89.000,23055,6.692535,4755,4755
1,90,0,0,90.000,28941,6.782349,5388,5388
1,90,0,0,91.000,35000,6.874802,5547,5547
1,90,0,0,92.000,40195,6.954071,4756,4756
1,90,0,0,93.000,45541,7.035645,4894,4894
1,90,0,0,94.000,50641,7.113464,4669,4669
1,90,0,0,95.000,56404,7.201401,5276,5276
1,90,0,0,96.000,61340,7.276718,4519,4519
1,90,0,0,97.000,1500,7.363632,5214,5214
1,90,0,0,98.000,7366,7.453140,5370,5370
1,90,0,0,99.000,12974,7.538712,5134,5134
1,90,0,0,100.000,17328,7.605148,3986,3986
1,90,0,0,101.000,22745,7.687805,4959,4959
1,90,0,0,102.000,28518,7.775894,5285,5285
1,90,0,0,103.000,34708,7.870346,5667,5667
1,90,0,0,104.000,39871,7.949127,4726,4726
1,90,0,0,105.000,45344,8.032639,5010,5010
1,90,0,0,106.000,51008,8.119064,5185,5185
1,90,0,0,107.000,56034,8.195755,4601,4601
1,90,0,0,108.000,61276,8.275742,4799,4799
1,90,0,0,109.000,1492,8.363510,5266,5266
1,90,0,0,110.000,7417,8.453918,5424,5424
1,90,0,0,111.000,13005,8.539185,5115,5115
1,90,0,0,112.000,18160,8.617844,4719,4719
1,90,0,0,113.000,23397,8.697754,4794,4794
1,90,0,0,114.000,28649,8.777893,4808,4808
1,90,0,0,115.000,34856,8.872604,5682,5682
1,90,0,0,116.000,40114,8.952835,4813,4813
1,90,0,0,117.000,45479,9.034698,4911,4911
1,90,0,0,118.000,51149,9.121216,5191,5191
1,90,0,0,119.000,56736,9.206467,5115,5115
1,90,0,0,120.000,62300,9.291367,5093,5093
1,90,0,0,121.000,1652,9.365952,4475,4475
1,90,0,0,122.000,7525,9.455566,5376,5376
1,90,0,0,123.000,13096,9.540573,5100,5100
1,90,0,0,124.000,18217,9.618713,4688,4688
1,90,0,0,125.000,23419,9.698090,4762,4762
1,90,0,0,126.000,29226,9.786697,5316,5316
1,90,0,0,127.000,34886,9.873062,5181,5181
1,90,0,0,128.000,40189,9.953979,4855,4855
1,90,0,0,129.000,45640,10.037155,4990,4990
1,90,0,0,130.000,51240,10.122604,5126,5126
1,90,0,0,131.000,56915,10.209198,5195,5195
1,90,0,0,132.000,62482,10.294144,5096,5096
1,90,0,0,133.000,2333,10.376343,4931,4931
1,90,0,0,134.000,7787,10.459564,4993,4993
1,90,0,0,135.000,13462,10.546158,5195,5195
1,90,0,0,136.000,18835,10.628143,4919,4919
1,90,0,0,137.000,24082,10.708206,4803,4803
1,90,0,0,138.000,29749,10.794678,5188,5188
1,90,0,0,139.000,35873,10.888123,5606,5606
1,90,0,0,140.000,41340,10.971542,5005,5005
1,90,0,0,141.000,46495,11.050201,4719,4719
1,90,0,0,142.000,51777,11.130798,4835,4835
1,90,0,0,143.000,57425,11.216980,5170,5170
1,90,0,0,144.000,63142,11.304214,5234,5234
1,90,0,0,145.000,2721,11.382263,4682,4682
1,90,0,0,146.000,8400,11.468918,5199,5199
1,90,0,0,147.000,13663,11.549225,4818,4818
1,90,0,0,148.000,19079,11.631866,4958,4958
1,90,0,0,149.000,24331,11.712006,4808,4808
1,90,0,0,150.000,29970,11.798050,5162,5162
1,90,0,0,151.000,35991,11.889923,5512,5512
1,90,0,0,152.000,41327,11.971344,4885,4885
1,90,0,0,153.000,47030,12.058365,5221,5221
1,90,0,0,154.000,51714,12.129837,4288,4288
1,90,0,0,155.000,57384,12.216354,5191,5191
1,90,0,0,156.000,63072,12.303146,5207,5207
1,90,0,0,157.000,2700,12.381943,4727,4727
1,90,0,0,158.000,8314,12.467606,5139,5139
1,90,0,0,159.000,13974,12.553970,5181,5181
-1,90,0,0,0.000,37220,0.000000,4936,4936
-1,90,0,0,1.000,38814,0.024323,1459,1459
-1,90,0,0,2.000,41030,0.058136,2028,2028
-1,90,0,0,3.000,43331,0.093246,2106,2106
-1,90,0,0,4.000,46041,0.134598,2481,2481
-1,90,0,0,5.000,48824,0.177063,2547,2547
-1,90,0,0,6.000,51992,0.225403,2900,2900
-1,90,0,0,7.000,55092,0.272705,2838,2838
-1,90,0,0,8.000,58640,0.326843,3248,3248
-1,90,0,0,9.000,62702,0.388824,3718,3718
-1,90,0,0,10.000,803,0.444321,3329,3329
-1,90,0,0,11.000,4521,0.501053,3403,3403
-1,90,0,0,12.000,8754,0.565643,3875,3875
-1,90,0,0,13.000,13217,0.633743,4085,4085
-1,90,0,0,14.000,16933,0.690445,3402,3402
-1,90,0,0,15.000,21713,0.763382,4376,4376
-1,90,0,0,16.000,26055,0.829636,3975,3975
-1,90,0,0,17.000,30418,0.896210,3994,3994
-1,90,0,0,18.000,35896,0.979797,5015,5015
-1,90,0,0,19.000,40584,1.051331,4291,4291
-1,90,0,0,20.000,44980,1.118408,4024,4024
-1,90,0,0,21.000,49730,1.190887,4348,4348
-1,90,0,0,22.000,54383,1.261887,4259,4259
-1,90,0,0,23.000,59426,1.338837,4617,4617
-1,90,0,0,24.000,64922,1.422699,5031,5031
-1,90,0,0,25.000,4060,1.494019,4279,4279
-1,90,0,0,26.000,9258,1.573334,4758,4758
-1,90,0,0,27.000,14241,1.649368,4562,4562
-1,90,0,0,28.000,19465,1.729080,4782,4782
-1,90,0,0,29.000,24403,1.804428,4520,4520
-1,90,0,0,30.000,29716,1.885498,4864,4864
-1,90,0,0,31.000,35607,1.975388,5393,5393
-1,90,0,0,32.000,40706,2.053192,4668,4668
-1,90,0,0,33.000,45472,2.125916,4363,4363
-1,90,0,0,34.000,51010,2.210419,5070,5070
-1,90,0,0,35.000,56530,2.294647,5053,5053
-1,90,0,0,36.000,61431,2.369431,4486,4486
-1,90,0,0,37.000,1462,2.454376,5096,5096
-1,90,0,0,38.000,7288,2.543274,5333,5333
-1,90,0,0,39.000,12827,2.627792,5071,5071
-1,90,0,0,40.000,16869,2.689468,3700,3700
-1,90,0,0,41.000,22510,2.775543,5164,5164
-1,90,0,0,42.000,28221,2.862686,5228,5228
-1,90,0,0,43.000,33968,2.950378,5261,5261
-1,90,0,0,44.000,39174,3.029816,4766,4766
-1,90,0,0,45.000,44854,3.116486,5200,5200
-1,90,0,0,46.000,50373,3.200699,5052,5052
-1,90,0,0,47.000,55209,3.274490,4427,4427
-1,90,0,0,48.000,60276,3.351807,4638,4638
-1,90,0,0,49.000,933,3.446304,5669,5669
-1,90,0,0,50.000,6715,3.534531,5293,5293
-1,90,0,0,51.000,12501,3.622818,5297,5297
-1,90,0,0,52.000,17406,3.697662,4490,4490
-1,90,0,0,53.000,22350,3.773102,4526,4526
-1,90,0,0,54.000,28133,3.861343,5294,5294
-1,90,0,0,55.000,34183,3.953659,5538,5538
-1,90,0,0,56.000,39434,4.033783,4807,4807
-1,90,0,0,57.000,45082,4.119965,5170,5170
-1,90,0,0,58.000,50746,4.206390,5185,5185
-1,90,0,0,59.000,56480,4.293884,5249,5249
-1,90,0,0,60.000,60983,4.362595,4122,4122
-1,90,0,0,61.000,1415,4.453659,5463,5463
-1,90,0,0,62.000,7422,4.545319,5499,5499
-1,90,0,0,63.000,13043,4.631088,5146,5146
-1,90,0,0,64.000,18294,4.711212,4807,4807
-1,90,0,0,65.000,23525,4.791031,4789,4789
-1,90,0,0,66.000,29304,4.879211,5290,5290
-1,90,0,0,67.000,35042,4.966766,5253,5253
-1,90,0,0,68.000,40356,5.047852,4865,4865
-1,90,0,0,69.000,45844,5.131592,5024,5024
-1,90,0,0,70.000,51373,5.215958,5061,5061
-1,90,0,0,71.000,56908,5.300415,5067,5067
-1,90,0,0,72.000,62509,5.385880,5127,5127
-1,90,0,0,73.000,2327,5.467575,4901,4901
-1,90,0,0,74.000,7732,5.550049,4948,4948
-1,90,0,0,75.000,13430,5.636993,5216,5216
-1,90,0,0,76.000,18721,5.717728,4844,4844
-1,90,0,0,77.000,24060,5.799194,4888,4888
-1,90,0,0,78.000,29804,5.886841,5258,5258
-1,90,0,0,79.000,35949,5.980606,5625,5625
-1,90,0,0,80.000,40914,6.056366,4545,4545
-1,90,0,0,81.000,46673,6.144241,5272,5272
-1,90,0,0,82.000,51989,6.225357,4866,4866
-1,90,0,0,83.000,57759,6.313400,5282,5282
-1,90,0,0,84.000,63603,6.402573,5350,5350
-1,90,0,0,85.000,3205,6.480972,4703,4703
-1,90,0,0,86.000,8891,6.567734,5205,5205
-1,90,0,0,87.000,14241,6.649368,4898,4898
-1,90,0,0,88.000,19936,6.736267,5213,5213
-1,90,0,0,89.000,25335,6.818649,4942,4942
-1,90,0,0,90.000,30623,6.899338,4841,4841
-1,90,0,0,91.000,36785,6.993362,5641,5641
-1,90,0,0,92.000,42542,7.081207,5270,5270
-1,90,0,0,93.000,48139,7.166611,5124,5124
-1,90,0,0,94.000,52676,7.235840,4153,4153
-1,90,0,0,95.000,58568,7.325745,5394,5394
-1,90,0,0,96.000,64359,7.414108,5301,5301
-1,90,0,0,97.000,3843,7.490707,4595,4595
-1,90,0,0,98.000,9517,7.577286,5194,5194
-1,90,0,0,99.000,15026,7.661346,5043,5043
-1,90,0,0,100.000,20855,7.750290,5336,5336
-1,90,0,0,101.000,25684,7.823975,4421,4421
-1,90,0,0,102.000,30851,7.902817,4730,4730
-1,90,0,0,103.000,37001,7.996658,5630,5630
-1,90,0,0,104.000,42763,8.084579,5275,5275
-1,90,0,0,105.000,48249,8.168289,5022,5022
-1,90,0,0,106.000,53376,8.246521,4693,4693
-1,90,0,0,107.000,58756,8.328613,4925,4925
-1,90,0,0,108.000,64689,8.419144,5431,5431
-1,90,0,0,109.000,4282,8.497406,4695,4695
-1,90,0,0,110.000,10086,8.585968,5313,5313
-1,90,0,0,111.000,15449,8.667801,4909,4909
-1,90,0,0,112.000,21381,8.758316,5430,5430
-1,90,0,0,113.000,26870,8.842072,5025,5025
-1,90,0,0,114.000,31586,8.914032,4317,4317
-1,90,0,0,115.000,37613,9.005997,5517,5517
-1,90,0,0,116.000,43503,9.095871,5392,5392
-1,90,0,0,117.000,48911,9.178391,4951,4951
-1,90,0,0,118.000,54176,9.258728,4820,4820
-1,90,0,0,119.000,59632,9.341980,4995,4995
-1,90,0,0,120.000,127,9.434006,5521,5521
-1,90,0,0,121.000,5039,9.508957,4497,4497
-1,90,0,0,122.000,10829,9.597305,5300,5300
-1,90,0,0,123.000,16037,9.676773,4768,4768
-1,90,0,0,124.000,21992,9.767639,5451,5451
-1,90,0,0,125.000,27459,9.851059,5005,5005
-1,90,0,0,126.000,33029,9.936050,5099,5099
-1,90,0,0,127.000,38623,10.021408,5121,5121
-1,90,0,0,128.000,44037,10.104019,4956,4956
-1,90,0,0,129.000,49419,10.186142,4927,4927
-1,90,0,0,130.000,54809,10.268387,4934,4934
-1,90,0,0,131.000,59969,10.347122,4724,4724
-1,90,0,0,132.000,781,10.443985,5811,5811
-1,90,0,0,133.000,6638,10.533356,5362,5362
-1,90,0,0,134.000,12588,10.624146,5447,5447
-1,90,0,0,135.000,16889,10.689774,3937,3937
-1,90,0,0,136.000,22627,10.777328,5253,5253
-1,90,0,0,137.000,28392,10.865295,5278,5278
-1,90,0,0,138.000,34617,10.960281,5699,5699
-1,90,0,0,139.000,39811,11.039536,4755,4755
-1,90,0,0,140.000,45342,11.123932,5063,5063
-1,90,0,0,141.000,51045,11.210953,5221,5221
-1,90,0,0,142.000,56224,11.289978,4741,4741
-1,90,0,0,143.000,61381,11.368668,4721,4721
-1,90,0,0,144.000,1610,11.456635,5278,5278
-1,90,0,0,145.000,7481,11.546219,5375,5375
-1,90,0,0,146.000,13098,11.631927,5142,5142
-1,90,0,0,147.000,18295,11.711227,4757,4757
-1,90,0,0,148.000,23027,11.783432,4332,4332
-1,90,0,0,149.000,28960,11.873962,5431,5431
-1,90,0,0,150.000,35070,11.967194,5593,5593
-1,90,0,0,151.000,40349,12.047745,4833,4833
-1,90,0,0,152.000,45976,12.133606,5151,5151
-1,90,0,0,153.000,51424,12.216736,4987,4987
-1,90,0,0,154.000,57065,12.302811,5164,5164
-1,90,0,0,155.000,62193,12.381058,4694,4694
-1,90,0,0,156.000,2057,12.463455,4943,4943
-1,90,0,0,157.000,7870,12.552155,5321,5321
-1,90,0,0,158.000,13482,12.637787,5137,5137
-1,90,0,0,159.000,18835,12.719467,4900,4900
1,90,100,0,0.000,12919,0.000000,5010,5010
1,90,100,0,1.000,14172,0.019119,1147,1147
1,90,100,0,2.000,15701,0.042450,1399,1399
1,90,100,0,3.000,18571,0.086243,2627,2627
1,90,100,0,4.000,21248,0.127090,2450,2450
1,90,100,0,5.000,24033,0.169586,2549,2549
1,90,100,0,6.000,27429,0.221405,3109,3109
1,90,100,0,7.000,30566,0.269272,2872,2872
1,90,100,0,8.000,35346,0.342209,4376,4376
1,90,100,0,9.000,38096,0.384171,2517,2517
1,90,100,0,10.000,42705,0.454498,4219,4219
1,90,100,0,11.000,47117,0.521820,4039,4039
1,90,100,0,12.000,51477,0.588348,3991,3991
1,90,100,0,13.000,56438,0.664047,4541,4541
1,90,100,0,14.000,60141,0.720551,3390,3390
1,90,100,0,15.000,209,0.806061,5130,5130
1,90,100,0,16.000,4501,0.871552,3929,3929
1,90,100,0,17.000,9715,0.951111,4773,4773
1,90,100,0,18.000,14920,1.030533,4765,4765
1,90,100,0,19.000,20508,1.115799,5115,5115
1,90,100,0,20.000,25809,1.196686,4853,4853
1,90,100,0,21.000,30881,1.274078,4643,4643
1,90,100,0,22.000,37142,1.369614,5732,5732
1,90,100,0,23.000,42549,1.452118,4950,4950
1,90,100,0,24.000,48293,1.539764,5258,5258
1,90,100,0,25.000,53537,1.619781,4801,4801
1,90,100,0,26.000,59511,1.710938,5469,5469
1,90,100,0,27.000,237,1.806488,5733,5733
1,90,100,0,28.000,6417,1.900787,5657,5657
1,90,100,0,29.000,12855,1.999023,5894,5894
1,90,100,0,30.000,17577,2.071075,4323,4323
1,90,100,0,31.000,23495,2.161377,5418,5418
1,90,100,0,32.000,29660,2.255447,5644,5644
1,90,100,0,33.000,36261,2.356171,6043,6043
1,90,100,0,34.000,42238,2.447372,5472,5472
1,90,100,0,35.000,48406,2.541489,5646,5646
1,90,100,0,36.000,54052,2.627640,5169,5169
1,90,100,0,37.000,59626,2.712692,5103,5103
1,90,100,0,38.000,820,2.815384,6161,6161
1,90,100,0,39.000,7414,2.916000,6036,6036
1,90,100,0,40.000,13586,3.010178,5650,5650
1,90,100,0,41.000,19622,3.102280,5526,5526
1,90,100,0,42.000,25759,3.195923,5618,5618
1,90,100,0,43.000,32078,3.292343,5785,5785
1,90,100,0,44.000,38003,3.382751,5424,5424
1,90,100,0,45.000,44924,3.488358,6336,6336
1,90,100,0,46.000,51348,3.586380,5881,5881
1,90,100,0,47.000,57554,3.681076,5681,5681
1,90,100,0,48.000,64209,3.782623,6092,6092
1,90,100,0,49.000,4806,3.876205,5614,5614
1,90,100,0,50.000,11829,3.983368,6429,6429
1,90,100,0,51.000,17145,4.064484,4866,4866
1,90,100,0,52.000,23581,4.162689,5892,5892
1,90,100,0,53.000,30146,4.262863,6010,6010
1,90,100,0,54.000,36871,4.365479,6156,6156
1,90,100,0,55.000,43562,4.467575,6125,6125
1,90,100,0,56.000,49955,4.565125,5852,5852
1,90,100,0,57.000,56674,4.667648,6151,6151
1,90,100,0,58.000,62521,4.756866,5353,5353
1,90,100,0,59.000,3037,4.849213,5540,5540
1,90,100,0,60.000,9633,4.949860,6038,6038
1,90,100,0,61.000,15975,5.046631,5806,5806
1,90,100,0,62.000,22699,5.149231,6156,6156
1,90,100,0,63.000,29414,5.251694,6147,6147
1,90,100,0,64.000,36459,5.359192,6449,6449
1,90,100,0,65.000,42423,5.450195,5460,5460
1,90,100,0,66.000,48893,5.548920,5923,5923
1,90,100,0,67.000,55616,5.651505,6155,6155
1,90,100,0,68.000,62282,5.753220,6102,6102
1,90,100,0,69.000,2907,5.847229,5640,5640
1,90,100,0,70.000,9498,5.947800,6034,6034
1,90,100,0,71.000,15953,6.046295,5909,5909
1,90,100,0,72.000,22232,6.142105,5748,5748
1,90,100,0,73.000,28938,6.244431,6139,6139
1,90,100,0,74.000,35953,6.351471,6422,6422
1,90,100,0,75.000,42483,6.451111,5978,5978
1,90,100,0,76.000,48917,6.549286,5890,5890
1,90,100,0,77.000,55649,6.652008,6163,6163
1,90,100,0,78.000,62440,6.755630,6217,6217
1,90,100,0,79.000,2482,6.840744,5106,5106
1,90,100,0,80.000,8973,6.939789,5942,5942
1,90,100,0,81.000,15449,7.038605,5928,5928
1,90,100,0,82.000,22251,7.142395,6227,6227
1,90,100,0,83.000,29031,7.245850,6207,6207
1,90,100,0,84.000,36009,7.352325,6388,6388
1,90,100,0,85.000,42506,7.451462,5948,5948
1,90,100,0,86.000,48387,7.541199,5384,5384
1,90,100,0,87.000,54613,7.636200,5700,5700
1,90,100,0,88.000,61305,7.738312,6126,6126
1,90,100,0,89.000,2412,7.839676,6081,6081
1,90,100,0,90.000,8851,7.937927,5895,5895
1,90,100,0,91.000,15296,8.036270,5900,5900
1,90,100,0,92.000,22083,8.139832,6213,6213
1,90,100,0,93.000,28039,8.230713,5452,5452
1,90,100,0,94.000,35231,8.340454,6584,6584
1,90,100,0,95.000,41508,8.436234,5746,5746
1,90,100,0,96.000,48080,8.536514,6016,6016
1,90,100,0,97.000,54121,8.628693,5530,5530
1,90,100,0,98.000,60800,8.730606,6114,6114
1,90,100,0,99.000,2215,8.836670,6363,6363
1,90,100,0,100.000,8260,8.928909,5534,5534
1,90,100,0,101.000,14631,9.026123,5832,5832
1,90,100,0,102.000,21374,9.129013,6173,6173
1,90,100,0,103.000,27891,9.228455,5966,5966
1,90,100,0,104.000,35189,9.339813,6681,6681
1,90,100,0,105.000,41455,9.435425,5736,5736
1,90,100,0,106.000,48098,9.536789,6081,6081
1,90,100,0,107.000,53533,9.619720,4975,4975
1,90,100,0,108.000,59905,9.716949,5833,5833
1,90,100,0,109.000,1655,9.828125,6670,6670
1,90,100,0,110.000,8228,9.928421,6017,6017
1,90,100,0,111.000,14493,10.024017,5735,5735
1,90,100,0,112.000,21203,10.126404,6143,6143
1,90,100,0,113.000,27783,10.226807,6024,6024
1,90,100,0,114.000,34479,10.328979,6130,6130
1,90,100,0,115.000,40808,10.425552,5794,5794
1,90,100,0,116.000,47548,10.528397,6170,6170
1,90,100,0,117.000,53489,10.619049,5439,5439
1,90,100,0,118.000,59917,10.717133,5885,5885
1,90,100,0,119.000,1773,10.829926,6767,6767
1,90,100,0,120.000,8343,10.930176,6015,6015
1,90,100,0,121.000,14287,11.020874,5441,5441
1,90,100,0,122.000,20890,11.121628,6045,6045
1,90,100,0,123.000,27507,11.222595,6058,6058
1,90,100,0,124.000,34834,11.334396,6708,6708
1,90,100,0,125.000,41121,11.430328,5755,5755
1,90,100,0,126.000,47807,11.532349,6121,6121
1,90,100,0,127.000,53148,11.613846,4889,4889
1,90,100,0,128.000,59750,11.714584,6044,6044
1,90,100,0,129.000,1344,11.823380,6527,6527
1,90,100,0,130.000,8067,11.925964,6155,6155
1,90,100,0,131.000,14383,12.022339,5782,5782
1,90,100,0,132.000,21103,12.124878,6152,6152
1,90,100,0,133.000,27838,12.227646,6166,6166
1,90,100,0,134.000,34477,12.328949,6078,6078
1,90,100,0,135.000,40814,12.425644,5801,5801
1,90,100,0,136.000,47594,12.529099,6207,6207
1,90,100,0,137.000,53602,12.620773,5500,5500
1,90,100,0,138.000,60021,12.718719,5876,5876
1,90,100,0,139.000,1884,12.831619,6773,6773
1,90,100,0,140.000,8480,12.932266,6038,6038
1,90,100,0,141.000,14394,13.022507,5414,5414
1,90,100,0,142.000,21124,13.125198,6161,6161
1,90,100,0,143.000,27856,13.227921,6163,6163
1,90,100,0,144.000,35119,13.338745,6649,6649
1,90,100,0,145.000,41518,13.436386,5858,5858
1,90,100,0,146.000,48192,13.538223,6110,6110
1,90,100,0,147.000,54432,13.633438,5712,5712
1,90,100,0,148.000,60061,13.719330,5153,5153
1,90,100,0,149.000,1981,13.833099,6826,6826
1,90,100,0,150.000,8523,13.932922,5989,5989
1,90,100,0,151.000,14913,14.030426,5850,5850
1,90,100,0,152.000,21868,14.136551,6367,6367
1,90,100,0,153.000,28502,14.237778,6073,6073
1,90,100,0,154.000,35654,14.346909,6547,6547
1,90,100,0,155.000,41529,14.436554,5378,5378
1,90,100,0,156.000,48226,14.538742,6131,6131
1,90,100,0,157.000,54462,14.633896,5709,5709
1,90,100,0,158.000,61388,14.739578,6340,6340
1,90,100,0,159.000,2465,14.840485,6054,6054
-1,90,100,0,0.000,30857,0.000000,3945,3945
-1,90,100,0,1.000,33124,0.034592,2075,2075
-1,90,100,0,2.000,35581,0.072083,2249,2249
-1,90,100,0,3.000,37446,0.100540,1707,1707
-1,90,100,0,4.000,40253,0.143372,2569,2569
-1,90,100,0,5.000,43067,0.186310,2576,2576
-1,90,100,0,6.000,46485,0.238464,3129,3129
-1,90,100,0,7.000,49776,0.288681,3013,3013
-1,90,100,0,8.000,53158,0.340286,3096,3096
-1,90,100,0,9.000,57616,0.408310,4081,4081
-1,90,100,0,10.000,61946,0.474380,3964,3964
-1,90,100,0,11.000,182,0.531937,3453,3453
-1,90,100,0,12.000,4494,0.597733,3947,3947
-1,90,100,0,13.000,9124,0.668381,4238,4238
-1,90,100,0,14.000,14238,0.746414,4682,4682
-1,90,100,0,15.000,19300,0.823654,4634,4634
-1,90,100,0,16.000,24068,0.896408,4365,4365
-1,90,100,0,17.000,29439,0.978363,4917,4917
-1,90,100,0,18.000,34883,1.061432,4984,4984
-1,90,100,0,19.000,40100,1.141037,4776,4776
-1,90,100,0,20.000,45390,1.221756,4843,4843
-1,90,100,0,21.000,51046,1.308060,5178,5178
-1,90,100,0,22.000,56736,1.394882,5209,5209
-1,90,100,0,23.000,62301,1.479797,5094,5094
-1,90,100,0,24.000,2296,1.564194,5063,5063
-1,90,100,0,25.000,7858,1.649063,5092,5092
-1,90,100,0,26.000,13764,1.739182,5407,5407
-1,90,100,0,27.000,19506,1.826797,5256,5256
-1,90,100,0,28.000,25268,1.914719,5275,5275
-1,90,100,0,29.000,30914,2.000870,5169,5169
-1,90,100,0,30.000,37571,2.102448,6094,6094
-1,90,100,0,31.000,44098,2.202042,5975,5975
-1,90,100,0,32.000,49504,2.284531,4949,4949
-1,90,100,0,33.000,56012,2.383835,5958,5958
-1,90,100,0,34.000,62242,2.478897,5703,5703
-1,90,100,0,35.000,2634,2.569351,5427,5427
-1,90,100,0,36.000,8873,2.664551,5711,5711
-1,90,100,0,37.000,15123,2.759918,5722,5722
-1,90,100,0,38.000,21852,2.862595,6160,6160
-1,90,100,0,39.000,27472,2.948349,5145,5145
-1,90,100,0,40.000,34643,3.057770,6565,6565
-1,90,100,0,41.000,40678,3.149857,5525,5525
-1,90,100,0,42.000,47294,3.250809,6057,6057
-1,90,100,0,43.000,52941,3.336975,5169,5169
-1,90,100,0,44.000,59485,3.436829,5991,5991
-1,90,100,0,45.000,835,3.541901,6304,6304
-1,90,100,0,46.000,7115,3.637726,5749,5749
-1,90,100,0,47.000,13488,3.734970,5834,5834
-1,90,100,0,48.000,19761,3.830688,5743,5743
-1,90,100,0,49.000,26128,3.927841,5829,5829
-1,90,100,0,50.000,32580,4.026291,5906,5906
-1,90,100,0,51.000,39707,4.135040,6524,6524
-1,90,100,0,52.000,46373,4.236755,6102,6102
-1,90,100,0,53.000,51992,4.322495,5144,5144
-1,90,100,0,54.000,58608,4.423447,6057,6057
-1,90,100,0,55.000,65246,4.524734,6077,6077
-1,90,100,0,56.000,6477,4.627991,6195,6195
-1,90,100,0,57.000,13243,4.731232,6194,6194
-1,90,100,0,58.000,19390,4.825027,5627,5627
-1,90,100,0,59.000,25721,4.921631,5796,5796
-1,90,100,0,60.000,31316,5.007004,5122,5122
-1,90,100,0,61.000,38360,5.114487,6448,6448
-1,90,100,0,62.000,45339,5.220978,6389,6389
-1,90,100,0,63.000,51752,5.318832,5871,5871
-1,90,100,0,64.000,58270,5.418289,5967,5967
-1,90,100,0,65.000,65006,5.521072,6166,6166
-1,90,100,0,66.000,6177,5.623413,6140,6140
-1,90,100,0,67.000,12716,5.723190,5986,5986
-1,90,100,0,68.000,18742,5.815140,5516,5516
-1,90,100,0,69.000,25076,5.911789,5798,5798
-1,90,100,0,70.000,31407,6.008392,5796,5796
-1,90,100,0,71.000,38582,6.117874,6568,6568
-1,90,100,0,72.000,45620,6.225266,6443,6443
-1,90,100,0,73.000,51490,6.314835,5374,5374
-1,90,100,0,74.000,58115,6.415924,6065,6065
-1,90,100,0,75.000,64857,6.518799,6172,6172
-1,90,100,0,76.000,5926,6.619583,6047,6047
-1,90,100,0,77.000,13017,6.727783,6492,6492
-1,90,100,0,78.000,19146,6.821304,5611,5611
-1,90,100,0,79.000,25517,6.918518,5832,5832
-1,90,100,0,80.000,31245,7.005920,5244,5244
-1,90,100,0,81.000,38505,7.116699,6646,6646
-1,90,100,0,82.000,45578,7.224625,6475,6475
-1,90,100,0,83.000,52002,7.322647,5881,5881
-1,90,100,0,84.000,58616,7.423569,6055,6055
-1,90,100,0,85.000,65444,7.527756,6251,6251
-1,90,100,0,86.000,6978,7.635635,6472,6472
-1,90,100,0,87.000,13132,7.729538,5634,5634
-1,90,100,0,88.000,19341,7.824280,5684,5684
-1,90,100,0,89.000,25871,7.923920,5978,5978
-1,90,100,0,90.000,32453,8.024353,6026,6026
-1,90,100,0,91.000,39865,8.137451,6785,6785
-1,90,100,0,92.000,46565,8.239685,6134,6134
-1,90,100,0,93.000,52627,8.332184,5549,5549
-1,90,100,0,94.000,59379,8.435211,6181,6181
-1,90,100,0,95.000,97,8.530640,5725,5725
-1,90,100,0,96.000,7311,8.640717,6604,6604
-1,90,100,0,97.000,13740,8.738815,5885,5885
-1,90,100,0,98.000,20131,8.836334,5851,5851
-1,90,100,0,99.000,26666,8.936050,5982,5982
-1,90,100,0,100.000,33823,9.045258,6552,6552
-1,90,100,0,101.000,40592,9.148544,6197,6197
-1,90,100,0,102.000,46744,9.242416,5632,5632
-1,90,100,0,103.000,52776,9.334457,5522,5522
-1,90,100,0,104.000,59524,9.437424,6177,6177
-1,90,100,0,105.000,1101,9.545959,6512,6512
-1,90,100,0,106.000,7938,9.650284,6259,6259
-1,90,100,0,107.000,14322,9.747696,5844,5844
-1,90,100,0,108.000,21168,9.852158,6267,6267
-1,90,100,0,109.000,27079,9.942352,5411,5411
-1,90,100,0,110.000,34674,10.058243,6953,6953
-1,90,100,0,111.000,41073,10.155884,5858,5858
-1,90,100,0,112.000,47868,10.259567,6221,6221
-1,90,100,0,113.000,54039,10.353729,5649,5649
-1,90,100,0,114.000,60686,10.455154,6085,6085
-1,90,100,0,115.000,2272,10.563828,6520,6520
-1,90,100,0,116.000,8380,10.657028,5592,5592
-1,90,100,0,117.000,14894,10.756424,5963,5963
-1,90,100,0,118.000,21849,10.862549,6367,6367
-1,90,100,0,119.000,28560,10.964951,6144,6144
-1,90,100,0,120.000,35730,11.074356,6564,6564
-1,90,100,0,121.000,42282,11.174332,5998,5998
-1,90,100,0,122.000,48855,11.274628,6017,6017
-1,90,100,0,123.000,54564,11.361740,5226,5226
-1,90,100,0,124.000,61683,11.470367,6517,6517
-1,90,100,0,125.000,2695,11.570282,5994,5994
-1,90,100,0,126.000,9079,11.667694,5844,5844
-1,90,100,0,127.000,15725,11.769104,6084,6084
-1,90,100,0,128.000,22570,11.873550,6266,6266
-1,90,100,0,129.000,29384,11.977524,6238,6238
-1,90,100,0,130.000,35920,12.077255,5983,5983
-1,90,100,0,131.000,42620,12.179489,6134,6134
-1,90,100,0,132.000,49075,12.277985,5909,5909
-1,90,100,0,133.000,56152,12.385971,6479,6479
-1,90,100,0,134.000,62796,12.487350,6082,6082
-1,90,100,0,135.000,3402,12.581070,5623,5623
-1,90,100,0,136.000,10413,12.688049,6418,6418
-1,90,100,0,137.000,16107,12.774933,5213,5213
-1,90,100,0,138.000,23055,12.880951,6361,6361
-1,90,100,0,139.000,29790,12.983719,6166,6166
-1,90,100,0,140.000,36829,13.091125,6444,6444
-1,90,100,0,141.000,43686,13.195755,6277,6277
-1,90,100,0,142.000,50350,13.297440,6101,6101
-1,90,100,0,143.000,57096,13.400375,6176,6176
-1,90,100,0,144.000,63243,13.494171,5627,5627
-1,90,100,0,145.000,3814,13.587357,5591,5591
-1,90,100,0,146.000,10919,13.695770,6504,6504
-1,90,100,0,147.000,17472,13.795761,5999,5999
-1,90,100,0,148.000,24007,13.895477,5982,5982
-1,90,100,0,149.000,30528,13.994980,5970,5970
-1,90,100,0,150.000,37605,14.102966,6479,6479
-1,90,100,0,151.000,44004,14.200607,5858,5858
-1,90,100,0,152.000,50897,14.305786,6310,6310
-1,90,100,0,153.000,57301,14.403503,5863,5863
-1,90,100,0,154.000,64194,14.508682,6310,6310
-1,90,100,0,155.000,4858,14.603287,5676,5676
-1,90,100,0,156.000,12315,14.717072,6827,6827
-1,90,100,0,157.000,18517,14.811707,5678,5678
-1,90,100,0,158.000,24250,14.899185,5248,5248
-1,90,100,0,159.000,30746,14.998306,5947,5947
