time,magx,magy,step_count
0.00130108,12477,-22758,63
0.0110035,13664,-19340,63
0.0209334,13213,-20875,63
0.0309605,13508,-19944,63
0.0409578,13402,-20298,63
0.0509089,13527,-19866,63
0.0609297,13414,-20156,63
0.0708921,13474,-20063,63
0.0808764,13484,-20011,63
0.0909463,13465,-20078,63
0.10097,13496,-20073,63
0.110917,13482,-20051,63
0.120814,13471,-20050,63
0.13093,13481,-20085,63
0.140936,13470,-20065,63
0.150932,13476,-20054,63
0.160914,13470,-20055,63
0.170892,13585,-19676,64
0.180984,14813,-13931,64
0.190939,13964,-17186,64
0.200921,14583,-15394,64
0.210943,14251,-17121,64
0.220901,14603,-15382,64
0.230936,14370,-16489,64
0.240938,14498,-15920,64
0.250937,14453,-16190,64
0.260954,14479,-16076,64
0.270806,14463,-16080,64
0.280978,14457,-16122,64
0.290788,14476,-16076,64
0.300777,14460,-16090,64
0.310908,14465,-16108,64
0.320811,14465,-16103,64
0.330938,14453,-16084,64
0.34095,14463,-16107,64
0.350943,14454,-16106,64
0.360863,14457,-16090,64
0.370777,14596,-15682,65
0.380922,15392,-11500,65
0.390728,14992,-13062,65
0.400934,15198,-11853,65
0.410935,14982,-13460,65
0.420787,15149,-12132,65
0.430916,14978,-13296,65
0.440945,15082,-12791,65
0.450668,15043,-12887,65
0.460746,15044,-12903,65
0.470838,15043,-12826,65
0.480818,15032,-12880,65
0.490859,15056,-12869,65
0.500888,15065,-12863,65
0.510895,15043,-12871,65
0.52077,15054,-12874,65
0.530902,15034,-12878,65
0.540915,15038,-12875,65
0.550932,15029,-12868,65
0.560824,15058,-12870,65
0.570835,15178,-9793,66
0.580913,15722,-1549,66
0.590922,15413,-9804,66
0.600783,15650,-6243,66
0.610933,15768,-3312,66
0.620907,15685,-5699,66
0.630917,15518,-7955,66
0.640977,15546,-7920,66
0.650893,15512,-8340,66
0.660792,15539,-8068,66
0.67074,15496,-8295,66
0.6809,15514,-8170,66
0.690916,15505,-8193,66
0.700875,15508,-8223,66
0.710721,15522,-8216,66
0.720901,15499,-8202,66
0.730904,15513,-8207,66
0.74089,15501,-8215,66
0.7509,15514,-8199,66
0.760891,15527,-8202,66
0.770799,15762,-5297,67
0.780956,15400,4578,67
0.790713,15823,-3367,67
0.800931,15590,2537,67
0.81093,15780,-1772,67
0.820805,15661,1760,67
0.830961,15747,-16,67
0.840963,15696,780,67
0.850909,15740,166,67
0.860954,15720,737,67
0.870809,15707,471,67
0.880956,15734,505,67
0.89095,15748,603,67
0.900962,15734,541,67
0.910963,15720,524,67
0.920834,15731,543,67
0.930977,15724,547,67
0.940939,15710,541,67
0.950772,15731,545,67
0.960892,15706,541,67
0.970722,15512,4080,68
0.980898,15388,5750,68
0.990729,15519,4005,68
1.00096,15319,6172,68
1.01101,15616,4085,68
1.0208,15384,5616,68
1.03086,15503,4488,68
1.04078,15462,5089,68
1.05081,15485,4799,68
1.06094,15463,4979,68
1.07094,15469,4889,68
1.08087,15476,4885,68
1.09094,15473,4902,68
1.10078,15481,4908,68
1.11095,15488,4897,68
1.12075,15470,4898,68
1.13072,15459,4912,68
1.14073,15476,4908,68
1.15076,15469,4907,68
1.16097,15476,4914,68
1.17088,14970,8631,69
1.18094,13744,15109,69
1.19078,15167,7296,69
1.20095,14531,11983,69
1.21092,14074,13565,69
1.2208,14373,12067,69
1.23099,14316,12331,69
1.24095,14203,12859,69
1.25094,14267,12633,69
1.26095,14249,12762,69
1.27078,14254,12695,69
1.28093,14245,12732,69
1.2909,14268,12737,69
1.30095,14222,12736,69
1.31093,14242,12732,69
1.32091,14233,12721,69
1.33094,14227,12726,69
1.34093,14239,12727,69
1.35095,14236,12729,69
1.36096,14241,12712,69
1.37085,13347,16580,70
1.38095,13212,17403,70
1.39077,13155,17324,70
1.40089,13222,16258,70
1.41097,13078,18000,70
1.4208,13325,17100,70
1.43089,13244,17409,70
1.44092,13312,17225,70
1.45097,13262,17407,70
1.46094,13300,17254,70
1.47075,13264,17277,70
1.48091,13276,17312,70
1.49087,13296,17298,70
1.50099,13271,17287,70
1.51088,13271,17294,70
1.52091,13273,17291,70
1.53084,13275,17280,70
1.54096,13263,17284,70
1.55092,13279,17290,70
1.56099,13276,17286,70
1.57079,11990,20876,71
1.5809,11733,21741,71
1.59074,11963,22520,71
1.60084,11996,21065,71
1.61093,11992,21088,71
1.62081,11510,22248,71
1.63101,11943,21158,71
1.64081,11652,21901,71
1.65092,11795,21594,71
1.66093,11749,21715,71
1.6707,11743,21680,71
1.68084,11752,21651,71
1.69086,11728,21674,71
1.7009,11773,21681,71
1.71081,11731,21678,71
1.72074,11719,21676,71
1.73079,11744,21668,71
1.74088,11760,21669,71
1.75079,11734,21666,71
1.76088,11737,21664,71
1.7708,10216,25183,72
1.78074,7893,27948,72
1.79075,10987,23574,72
1.80097,9499,26703,72
1.81099,8191,28733,72
1.82093,8879,27781,72
1.83097,8365,28526,72
1.84092,8665,28262,72
1.85093,8579,28262,72
1.86102,8510,28333,72
1.8707,8552,28258,72
1.88091,8544,28269,72
1.89068,8550,28296,72
1.90093,8556,28305,72
1.91094,8528,28273,72
1.92076,8547,28276,72
1.93097,8539,28281,72
1.94079,8547,28279,72
1.95074,8543,28282,72
1.96093,8556,28296,72
1.97067,6835,31703,73
1.98093,7582,29583,73
1.99073,6359,31026,73
2.00097,6928,30421,73
2.01079,6973,30333,73
2.02073,6670,30729,73
2.03087,7022,30409,73
2.04074,6882,30458,73
2.05096,6880,30479,73
2.06089,6916,30430,73
2.07076,6885,30458,73
2.08094,6899,30457,73
2.09074,6889,30442,73
2.10094,6873,30444,73
2.11077,6893,30441,73
2.12075,6875,30447,73
2.1309,6896,30466,73
2.14077,6892,30458,73
2.15093,6893,30446,73
2.16092,6879,30456,73
2.17073,3250,32608,74
2.18088,5878,31775,74
2.19077,3615,32608,74
2.20096,5402,32306,74
2.21085,4187,32608,74
2.2208,4952,32607,74
2.23092,4449,32640,74
2.24076,4796,32608,74
2.25094,4594,32608,74
2.26081,4697,32608,74
2.27077,4688,32608,74
2.2808,4648,32608,74
2.29071,4696,32608,74
2.30095,4686,32640,74
2.31098,4668,32608,74
2.32081,4676,32608,74
2.33094,4674,32608,74
2.34074,4682,32608,74
2.35095,4680,32608,74
2.36079,4676,32608,75
2.37081,825,32608,75
2.38105,721,32608,75
2.39081,3421,32608,75
2.40086,1172,32608,75
2.41094,1,32608,75
2.42073,637,32608,75
2.43087,250,32608,75
2.44079,358,32608,75
2.45094,379,32608,75
2.46094,280,32608,75
2.47072,370,32608,75
2.48086,353,32608,75
2.49075,349,32608,75
2.50105,354,32608,75
2.51095,338,32608,75
2.5208,340,32640,75
2.5309,336,32608,75
2.54082,336,32608,75
2.55096,332,32608,75
2.56092,339,32608,76
2.57079,-3208,32608,76
2.58097,-644,32608,76
2.59073,-2675,32608,76
2.60104,-1464,32608,76
2.61095,-2305,32608,76
2.62079,-1890,32608,76
2.63095,-1990,32608,76
2.64071,-2009,32608,76
2.65083,-1996,32608,76
2.66076,-1978,32608,76
2.67079,-2000,32608,76
2.68075,-1998,32608,76
2.69077,-2002,32608,76
2.70091,-2005,32608,76
2.71095,-2007,32608,76
2.7208,-1999,32608,76
2.73094,-1994,32608,76
2.74076,-2016,32608,76
2.75103,-1997,32608,76
2.76074,-1995,32608,77
2.77079,-5677,32608,77
2.78078,-2983,32608,77
2.79085,-5021,32608,77
2.80081,-3563,32608,77
2.81093,-4511,32608,77
2.82081,-3740,32608,77
2.83102,-4096,32608,77
2.84076,-3880,32608,77
2.85103,-4020,32608,77
2.86086,-3936,32608,77
2.87074,-3960,32608,77
2.8808,-3973,32608,77
2.89077,-3953,32608,77
2.90084,-3969,32608,77
2.9109,-3964,32608,77
2.92072,-3965,32608,77
2.93089,-3955,32608,77
2.94082,-3962,32608,77
2.95093,-3970,32608,77
2.96091,-3968,32608,78
2.9708,-8536,32600,78
2.98088,-8036,32608,78
2.99075,-5657,32608,78
3.00094,-8878,32608,78
3.01084,-8021,32608,78
3.02075,-6807,32608,78
3.03098,-6252,32608,78
3.04082,-6576,32608,78
3.05099,-6401,32608,78
3.06106,-6423,32608,78
3.07079,-6462,32608,78
3.08102,-6433,32608,78
3.09074,-6457,32608,78
3.10103,-6439,32608,78
3.11106,-6435,32608,78
3.12081,-6439,32608,78
3.13091,-6435,32608,78
3.14078,-6440,32608,78
3.15101,-6445,32608,78
3.16099,-6462,32608,79
3.17085,-11761,28694,79
3.18102,-9436,32608,79
3.19084,-11940,28378,79
3.20101,-9269,32487,79
3.21076,-11500,29248,79
3.22081,-9896,31683,79
3.23092,-11152,29864,79
3.2408,-10368,30990,79
3.2509,-10918,30254,79
3.26104,-10638,30675,79
3.27089,-10762,30466,79
3.28106,-10739,30514,79
3.29083,-10705,30534,79
3.30104,-10750,30510,79
3.31105,-10746,30512,79
3.32087,-10734,30529,79
3.33084,-10749,30510,79
3.34083,-10732,30520,79
3.35093,-10733,30513,79
3.36076,-10734,30530,80
3.37081,-13401,25456,80
3.38104,-11464,29535,80
3.39082,-13069,26254,80
3.40114,-11918,28815,80
3.41099,-12508,27680,80
3.42072,-12454,27774,80
3.43089,-12326,27894,80
3.44082,-12422,27879,80
3.45098,-12425,27856,80
3.46094,-12395,27906,80
3.47074,-12419,27870,80
3.48087,-12394,27874,80
3.49086,-12398,27880,80
3.501,-12408,27878,80
3.51093,-12411,27873,80
3.52074,-12410,27879,80
3.53102,-12407,27883,80
3.54092,-12442,27911,80
3.551,-12408,27879,80
3.56091,-12412,27333,81
3.5708,-15341,18282,81
3.58103,-13820,24264,81
3.59079,-14011,23546,81
3.60104,-14934,20404,81
3.6108,-14789,20944,81
3.62078,-14713,20924,81
3.63083,-14869,20595,81
3.64083,-14828,20801,81
3.65093,-14855,20689,81
3.661,-14830,20730,81
3.67079,-14857,20744,81
3.6809,-14850,20708,81
3.69081,-14841,20726,81
3.70095,-14851,20717,81
3.711,-14850,20722,81
3.72087,-14838,20722,81
3.73098,-14851,20730,81
3.74095,-14829,20723,81
3.75103,-14849,20729,81
3.76103,-15067,20139,82
3.77085,-15944,14565,82
3.78082,-15355,18726,82
3.7908,-15831,15586,82
3.80188,-15457,18150,82
3.81088,-15757,16817,82
3.82076,-15595,17270,82
3.83097,-15638,17103,82
3.84091,-15628,17071,82
3.85095,-15608,17222,82
3.86084,-15627,17104,82
3.87076,-15611,17120,82
3.88088,-15613,17159,82
3.89081,-15616,17133,82
3.90097,-15617,17149,82
3.91097,-15606,17134,82
3.92077,-15625,17145,82
3.93097,-15630,17145,82
3.94094,-15631,17140,82
3.95095,-15605,17135,82
3.96102,-15882,15985,83
3.97096,-16339,9162,83
3.98099,-15985,14623,83
3.99087,-16340,9820,83
4.00099,-16072,13480,83
4.011,-16280,10747,83
4.02085,-16184,12431,83
4.031,-16252,11673,83
4.04099,-16224,11885,83
4.05098,-16233,11749,83
4.061,-16207,11858,83
4.07097,-16224,11808,83
4.08097,-16209,11784,83
4.09086,-16226,11801,83
4.10098,-16221,11801,83
4.11101,-16234,11800,83
4.12088,-16239,11798,83
4.13101,-16220,11796,83
4.14103,-16221,11804,83
4.15097,-16228,11798,83
4.16101,-16312,10652,84
4.17086,-16128,454,84
4.18104,-16392,7376,84
4.19095,-16361,6681,84
4.20099,-16287,3518,84
4.21099,-16294,3480,84
4.22095,-16266,3047,84
4.23098,-16304,3454,84
4.24092,-16278,3005,84
4.25098,-16307,3241,84
4.26104,-16298,3251,84
4.27086,-16291,3182,84
4.28097,-16279,3147,84
4.29099,-16286,3192,84
4.30099,-16302,3207,84
4.31103,-16292,3186,84
4.32088,-16280,3190,84
4.33105,-16290,3191,84
4.341,-16298,3193,84
4.35099,-16291,3193,84
4.36101,-16233,1784,85
4.37098,-15759,-3046,85
4.38103,-16181,-660,85
4.39084,-15940,-1816,85
4.40101,-16105,-72,85
4.411,-15952,-1587,85
4.42087,-16057,-523,85
4.43101,-16018,-1085,85
4.44081,-16033,-805,85
4.45095,-16043,-851,85
4.46101,-16036,-927,85
4.4708,-16029,-892,85
4.48092,-16023,-883,85
4.49102,-16014,-893,85
4.50097,-16043,-895,85
4.51098,-16033,-893,85
4.52095,-16029,-883,85
4.53096,-16026,-890,85
4.5408,-16027,-893,85
4.55076,-16038,-889,85
4.561,-15875,-2562,86
4.57081,-15006,-7772,86
4.58084,-15250,-6068,86
4.59086,-15436,-5245,86
4.60089,-15394,-5420,86
4.611,-15362,-5638,86
4.62094,-15458,-5061,86
4.631,-15376,-5576,86
4.6408,-15432,-5428,86
4.65099,-15412,-5301,86
4.66085,-15400,-5414,86
4.6708,-15409,-5351,86
4.68353,-15425,-5361,86
4.69256,-15398,-5369,86
4.70121,-15404,-5376,86
4.71073,-15405,-5372,86
4.72079,-15395,-5364,86
4.73092,-15397,-5367,86
4.74089,-15417,-5365,86
4.75092,-15399,-5379,86
4.76094,-15181,-10288,87
4.7708,-12727,-15504,87
4.78085,-14955,-8216,87
4.79082,-14213,-11733,87
4.80094,-13250,-15062,87
4.81094,-13889,-13107,87
4.82082,-13465,-14411,87
4.83093,-13668,-13774,87
4.84079,-13528,-14323,87
4.85086,-13611,-14070,87
4.86085,-13580,-14147,87
4.87089,-13583,-14190,87
4.88099,-13599,-14140,87
4.891,-13572,-14120,87
4.901,-13569,-14144,87
4.91099,-13573,-14153,87
4.92081,-13581,-14127,87
4.93077,-13564,-14124,87
4.94087,-13567,-14140,87
4.95097,-13574,-14137,87
4.96094,-12142,-17959,88
4.97083,-12561,-17066,88
4.98094,-12221,-17857,88
4.99084,-12255,-17869,88
5.00088,-12439,-17380,88
5.01099,-12039,-18409,88
5.02094,-12371,-17742,88
5.03099,-12177,-17983,88
5.04097,-12241,-17877,88
5.05101,-12221,-17884,88
5.06102,-12215,-17931,88
5.07092,-12245,-17884,88
5.08098,-12230,-17894,88
5.09101,-12219,-17906,88
5.10098,-12235,-17905,88
5.11097,-12222,-17898,88
5.12086,-12235,-17910,88
5.13101,-12252,-17905,88
5.14095,-12231,-17894,88
5.15085,-12218,-17904,88
5.16098,-10464,-21966,89
5.1708,-10945,-21126,89
5.18079,-10562,-21768,89
5.19085,-10787,-21422,89
5.20073,-10946,-21089,89
5.21076,-10698,-21173,89
5.22075,-10905,-21173,89
5.23095,-10893,-21200,89
5.24092,-10879,-21226,89
5.25096,-10901,-21163,89
5.26093,-10890,-21209,89
5.27078,-10888,-21183,89
5.2809,-10902,-21195,89
5.29095,-10875,-21182,89
5.30092,-10897,-21193,89
5.31095,-10890,-21176,89
5.3208,-10890,-21173,89
5.33092,-10897,-21185,89
5.34079,-10901,-21195,89
5.35092,-10899,-21190,89
5.36083,-8658,-24882,90
5.37092,-6756,-27676,90
5.38085,-9927,-23021,90
5.39079,-7957,-25926,90
5.40074,-7104,-27176,90
5.41075,-8133,-25687,90
5.42085,-8827,-24664,90
5.43092,-9165,-24163,90
5.44095,-9004,-24410,90
5.45094,-9076,-24287,90
5.46094,-9084,-24291,90
5.47092,-9058,-24327,90
5.48096,-9069,-24310,90
5.49093,-9054,-24297,90
5.50091,-9076,-24325,90
5.51092,-9039,-24319,90
5.5209,-9055,-24309,90
5.53099,-9055,-24310,90
5.5409,-9067,-24306,90
5.55097,-9077,-24335,90
5.56094,-6232,-28305,91
5.57085,-4939,-29519,91
5.58099,-5904,-28683,91
5.59097,-5437,-28218,91
5.60099,-4809,-29696,91
5.61099,-5897,-28688,91
5.62102,-5140,-29469,91
5.63098,-5463,-29093,91
5.64079,-5310,-29232,91
5.65096,-5344,-29222,91
5.66097,-5278,-29278,91
5.67086,-5321,-29187,91
5.68098,-5316,-29228,91
5.69097,-5321,-29236,91
5.70095,-5317,-29207,91
5.71098,-5322,-29220,91
5.72083,-5329,-29233,91
5.73097,-5315,-29235,91
5.74098,-5334,-29225,91
5.75093,-5322,-29226,91
5.76101,-2870,-30952,92
5.77086,-3925,-30301,92
5.78083,-3304,-31036,92
5.79082,-3775,-30381,92
5.80081,-3633,-30507,92
5.81076,-3322,-30711,92
5.82074,-3629,-30500,92
5.83093,-3459,-30619,92
5.84121,-3531,-30569,92
5.85092,-3515,-30582,92
5.86093,-3492,-30595,92
5.8708,-3517,-30572,92
5.88093,-3504,-30583,92
5.89096,-3501,-30589,92
5.90092,-3512,-30585,92
5.91083,-3504,-30594,92
5.9208,-3509,-30578,92
5.93096,-3508,-30579,92
5.94107,-3506,-30584,92
5.95086,-3538,-30595,93
5.96089,-748,-32195,93
5.9708,251,-32272,93
5.98093,-2063,-31583,93
5.99095,-376,-32268,93
6.0009,274,-32272,93
6.01094,-7,-32272,93
6.0208,188,-32272,93
6.03083,70,-32272,93
6.04098,147,-32272,93
6.05094,110,-32272,93
6.06097,98,-32272,93
6.07081,102,-32272,93
6.08096,116,-32272,93
6.09096,112,-32272,93
6.10073,109,-32272,93
6.11086,94,-32272,93
6.12084,114,-32272,93
6.13097,102,-32272,93
6.14093,115,-32272,93
6.15096,123,-32272,94
6.1608,2628,-32270,94
6.17071,778,-32272,94
6.18098,2660,-32272,94
6.19083,1229,-32272,94
6.2008,2204,-32272,94
6.21098,1541,-32272,94
6.22084,1927,-32272,94
6.23093,1703,-32272,94
6.24095,1730,-32272,94
6.25095,1800,-32272,94
6.26096,1775,-32272,94
6.27082,1754,-32272,94
6.28099,1787,-32272,94
6.29091,1779,-32272,94
6.30093,1783,-32272,94
6.31096,1768,-32272,94
6.32085,1772,-32272,94
6.33098,1766,-32272,94
6.34077,1763,-32272,94
6.35081,1777,-32272,95
6.3608,5381,-31286,95
6.37075,2601,-32272,95
6.38095,4835,-31784,95
6.39078,3282,-32272,95
6.40097,4121,-32211,95
6.41093,3968,-32248,95
6.42073,3896,-32225,95
6.43082,3938,-32234,95
6.44102,4023,-32231,95
6.45092,3941,-32228,95
6.46096,3982,-32224,95
6.4707,3978,-32238,95
6.48094,3969,-32247,95
6.49078,3980,-32244,95
6.50097,3983,-32270,95
6.51092,3977,-32233,95
6.52072,3982,-32264,95
6.53092,3977,-32234,95
6.54101,3984,-32242,95
6.55099,4005,-32228,96
6.56092,7943,-29602,96
6.57073,6529,-30669,96
6.58096,5100,-31637,96
6.59078,6247,-30801,96
6.60098,6019,-30958,96
6.61076,5289,-31425,96
6.62085,5594,-31235,96
6.63098,5478,-31305,96
6.6408,5447,-31325,96
6.65084,5525,-31276,96
6.66081,5463,-31301,96
6.67071,5488,-31304,96
6.68104,5490,-31306,96
6.69079,5497,-31310,96
6.70077,5490,-31319,96
6.71078,5502,-31310,96
6.72072,5491,-31307,96
6.73082,5462,-31284,96
6.74078,5490,-31335,96
6.75097,5513,-31307,97
6.76097,10813,-25583,97
6.77105,7446,-30144,97
6.78093,10335,-26505,97
6.7908,7838,-29809,97
6.80094,9934,-27498,97
6.81083,8332,-29368,97
6.82079,9519,-28001,97
6.83098,8693,-28960,97
6.84082,9095,-28518,97
6.85087,8893,-28753,97
6.86097,8985,-28687,97
6.87082,8975,-28677,97
6.88092,8950,-28715,97
6.89077,8994,-28674,97
6.9009,8954,-28686,97
6.91094,8959,-28697,97
6.92077,8974,-28675,97
6.93073,8942,-28677,97
6.94075,8974,-28687,97
6.95093,8999,-28636,98
6.96094,11984,-23586,98
6.97082,9763,-27669,98
6.98087,11514,-24602,98
6.99076,10143,-26595,98
7.00081,11042,-25495,98
7.01072,10495,-26441,98
7.02077,10895,-25786,98
7.03073,10678,-26146,98
7.0407,10780,-25987,98
7.05101,10743,-25985,98
7.06078,10720,-26050,98
7.07078,10736,-26021,98
7.08084,10735,-26009,98
7.09076,10748,-26038,98
7.10087,10754,-26030,98
7.11095,10752,-26028,98
7.12081,10745,-26024,98
7.13099,10740,-26029,98
7.14074,10748,-26015,98
7.15093,10796,-25983,99
7.16071,13894,-18331,99
7.17106,12757,-22214,99
7.18099,11986,-23127,99
7.19096,13205,-20835,99
7.20078,13547,-19665,99
7.2108,13328,-20489,99
7.22078,13516,-19889,99
7.23083,13470,-20060,99
7.24093,13436,-20139,99
7.2509,13467,-20016,99
7.26085,13471,-20036,99
7.27079,13457,-20084,99
7.28098,13482,-20033,99
7.29089,13480,-20035,99
7.30094,13467,-20070,99
7.31084,13473,-20054,99
7.32074,13453,-20043,99
7.33077,13452,-20062,99
7.34077,13461,-20066,99
7.3508,13385,-20179,98
7.36078,8725,-29107,98
7.37079,12129,-23440,98
7.38084,9839,-27577,98
7.39075,11408,-24710,98
7.40072,10225,-26912,98
7.41087,11177,-25221,98
7.42078,10331,-26727,98
7.43075,11008,-25588,98
7.44098,10585,-26189,98
7.45095,10767,-25996,98
7.46073,10728,-26023,98
7.47075,10711,-26074,98
7.4808,10735,-26007,98
7.49092,10736,-26064,98
7.50083,10715,-26034,98
7.51083,10748,-26025,98
7.52084,10731,-26024,98
7.53092,10729,-26034,98
7.54078,10734,-26034,98
7.55085,10515,-26184,97
7.56096,7752,-29130,97
7.57081,9384,-28105,97
7.58085,8610,-29058,97
7.59083,9464,-28032,97
7.60078,8608,-29089,97
7.61073,9182,-28429,97
7.62086,8822,-28829,97
7.63074,9007,-28683,97
7.64073,8954,-28681,97
7.65071,8906,-28720,97
7.66082,8953,-28688,97
7.6709,8940,-28703,97
7.68092,8937,-28730,97
7.69086,8951,-28705,97
7.70091,8936,-28699,97
7.71092,8939,-28701,97
7.72088,8962,-28694,97
7.73072,8929,-28692,97
7.74074,8930,-28695,97
7.75088,8672,-28741,96
7.76083,4597,-32018,96
7.77097,7275,-30027,96
7.78086,7213,-30163,96
7.7909,7027,-30354,96
7.80091,7586,-29904,96
7.81091,7386,-30047,96
7.82087,7349,-30083,96
7.83094,7482,-29978,96
7.84077,7438,-30006,96
7.85079,7420,-30031,96
7.86093,7440,-30002,96
7.87089,7436,-29998,96
7.88095,7417,-30010,96
7.89093,7430,-30021,96
7.9009,7437,-30007,96
7.91087,7443,-30004,96
7.92089,7421,-30004,96
7.93082,7426,-30008,96
7.94088,7423,-30013,96
7.95083,6336,-30564,95
7.9609,1661,-32272,95
7.97081,5258,-31182,95
7.98089,2640,-32272,95
7.99084,4783,-31705,95
8.00089,2977,-32272,95
8.01086,4575,-32022,95
8.0208,3447,-32272,95
8.03072,4128,-32180,95
8.04073,3857,-32244,95
8.05083,4000,-32218,95
8.06095,3936,-32240,95
8.0708,3946,-32235,95
8.08093,3959,-32228,95
8.09073,3946,-32238,95
8.10098,3938,-32223,95
8.11082,3955,-32235,95
8.1208,3952,-32231,95
8.13095,3959,-32240,95
8.1408,3958,-32226,95
8.15095,2526,-32236,94
8.16094,1498,-32270,94
8.17076,1945,-32271,94
8.18097,1791,-32271,94
8.19082,1883,-32272,94
8.2009,1701,-32272,94
8.21091,1606,-32272,94
8.2208,1839,-32272,94
8.23074,1663,-32272,94
8.2408,1787,-32272,94
8.25092,1719,-32272,94
8.26086,1724,-32272,94
8.27092,1753,-32272,94
8.28089,1749,-32272,94
8.29086,1747,-32272,94
8.30101,1728,-32272,94
8.31077,1744,-32272,94
8.32082,1749,-32272,94
8.33097,1768,-32272,94
8.3408,1745,-32272,94
8.35083,380,-32271,93
8.36095,-2636,-31299,93
8.37094,335,-32272,93
8.38097,-163,-32304,93
8.39076,-954,-32121,93
8.40095,-2044,-31616,93
8.41092,-1594,-31892,93
8.42073,-1847,-31736,93
8.43096,-1792,-31777,93
8.44087,-1725,-31808,93
8.45095,-1806,-31784,93
8.46081,-1802,-31765,93
8.47088,-1768,-31780,93
8.48098,-1770,-31782,93
8.49095,-1800,-31769,93
8.50095,-1780,-31784,93
8.51102,-1751,-31779,93
8.52094,-1779,-31778,93
8.53098,-1794,-31783,93
8.54097,-1793,-31782,93
8.55096,-3118,-30811,92
8.56079,-3834,-30231,92
8.5708,-3036,-30803,92
8.58086,-4116,-30366,92
8.59079,-3231,-30711,92
8.60082,-3705,-30372,92
8.61095,-3422,-30573,92
8.6208,-3527,-30486,92
8.63096,-3503,-30509,92
8.64082,-3500,-30530,92
8.65091,-3502,-30500,92
8.66069,-3526,-30502,92
8.67074,-3503,-30516,92
8.68088,-3508,-30514,92
8.69078,-3519,-30515,92
8.70095,-3501,-30510,92
8.71097,-3491,-30519,92
8.72092,-3510,-30517,92
8.73093,-3509,-30528,92
8.74098,-3504,-30507,92
8.75094,-5223,-29275,91
8.76095,-5663,-28839,91
8.77088,-5380,-28372,91
8.78097,-4943,-29463,91
8.79074,-5613,-28834,91
8.8007,-5182,-29239,91
8.811,-5365,-29054,91
8.82089,-5232,-29182,91
8.83092,-5352,-29087,91
8.84077,-5286,-29167,91
8.85083,-5277,-29157,91
8.86095,-5315,-29133,91
8.8708,-5280,-29142,91
8.88084,-5276,-29147,91
8.89077,-5266,-29138,91
8.9009,-5295,-29135,91
8.91085,-5279,-29146,91
8.92091,-5279,-29145,91
8.93094,-5284,-29150,91
8.94075,-5293,-29150,91
8.9509,-7081,-27152,90
8.96085,-9972,-24271,90
8.97083,-6567,-27732,90
8.98081,-8491,-25114,90
8.99073,-9347,-23880,90
9.00081,-8695,-24755,90
9.01092,-9177,-24080,90
9.02078,-8971,-24310,90
9.03087,-9037,-24304,90
9.04077,-9068,-24235,90
9.05096,-9017,-24306,90
9.06085,-9057,-24282,90
9.07074,-9038,-24254,90
9.08073,-9051,-24277,90
9.09071,-9036,-24272,90
9.10088,-9052,-24263,90
9.11095,-9030,-24274,90
9.1209,-9031,-24268,90
9.13099,-9028,-24268,90
9.14093,-9057,-24276,90
9.15093,-10612,-19580,89
9.16093,-9929,-22784,89
9.17093,-11249,-20338,89
9.18093,-10471,-21864,89
9.19087,-10881,-21048,89
9.20096,-10849,-21202,89
9.21093,-10842,-21016,89
9.22087,-10808,-21263,89
9.23097,-10885,-21098,89
9.24095,-10832,-21189,89
9.25076,-10844,-21175,89
9.26098,-10870,-21156,89
9.27072,-10862,-21176,89
9.28071,-10852,-21181,89
9.29074,-10855,-21168,89
9.30088,-10851,-21158,89
9.3109,-10852,-21164,89
9.32091,-10868,-21177,89
9.33093,-10831,-21167,89
9.34074,-10850,-21171,89
9.35085,-13085,-15418,88
9.36095,-11545,-19301,88
9.37077,-12714,-16485,88
9.38067,-11977,-18391,88
9.39072,-12274,-17630,88
9.40065,-12204,-17832,88
9.41081,-12235,-17758,88
9.4207,-12135,-17982,88
9.43094,-12210,-17817,88
9.44088,-12173,-17912,88
9.45086,-12182,-17880,88
9.46091,-12192,-17865,88
9.47077,-12188,-17887,88
9.48084,-12181,-17904,88
9.49085,-12187,-17882,88
9.50086,-12178,-17881,88
9.51091,-12192,-17882,88
9.52087,-12180,-17883,88
9.53091,-12179,-17881,88
9.54093,-12187,-17886,87
9.55096,-14424,-10701,87
9.56092,-14421,-10408,87
9.57071,-12988,-15495,87
9.58085,-14120,-11970,87
9.59072,-14175,-11751,87
9.60095,-13835,-13653,87
9.61094,-13496,-14196,87
9.62087,-13548,-14010,87
9.63094,-13556,-14071,87
9.64092,-13478,-14220,87
9.65093,-13560,-14040,87
9.66082,-13546,-14084,87
9.67071,-13507,-14160,87
9.68086,-13523,-14104,87
9.69075,-13531,-14098,87
9.70079,-13525,-14133,87
9.71091,-13517,-14118,87
9.7209,-13523,-14114,87
9.7309,-13539,-14117,87
9.74091,-13533,-14103,86
9.75091,-15601,-3677,86
9.76095,-15009,-7162,86
9.77088,-15593,-3768,86
9.781,-14987,-7436,86
9.79085,-15685,-3186,86
9.80093,-15028,-7160,86
9.8109,-15533,-4273,86
9.8208,-15248,-6066,86
9.83093,-15404,-5043,86
9.8409,-15321,-5585,86
9.85094,-15360,-5328,86
9.8609,-15359,-5369,86
9.87088,-15338,-5432,86
9.88094,-15358,-5358,86
9.89098,-15358,-5376,86
9.90095,-15338,-5411,86
9.91099,-15344,-5382,86
9.92091,-15365,-5384,86
9.93095,-15366,-5383,86
9.94099,-15337,-5390,85
9.95098,-16189,2115,85
9.96087,-15605,-3443,85
9.97098,-16126,1121,85
9.98099,-15774,-2544,85
9.99095,-16057,-41,85
10.0009,-15918,-1452,85
10.011,-16011,-689,85
10.0209,-15945,-1084,85
10.0309,-15984,-828,85
10.0408,-15963,-882,85
10.0509,-15979,-959,85
10.0609,-15976,-894,85
10.0708,-15960,-903,85
10.0809,-15970,-937,85
10.0907,-15965,-914,85
10.1009,-15969,-908,85
10.1109,-15970,-923,85
10.1209,-15965,-915,85
10.131,-15975,-920,85
10.1409,-15978,-920,84
10.1509,-16337,7460,84
10.1608,-16296,7131,84
10.1709,-16130,2327,84
10.181,-16304,4671,84
10.191,-16210,2521,84
10.2009,-16251,3526,84
10.2109,-16241,3168,84
10.2209,-16243,3042,84
10.2308,-16248,3246,84
10.2407,-16264,3239,84
10.2509,-16246,3129,84
10.261,-16246,3175,84
10.2709,-16235,3208,84
10.281,-16248,3161,84
10.2909,-16251,3163,84
10.3008,-16250,3170,84
10.3109,-16251,3179,84
10.3207,-16233,3178,84
10.3309,-16238,3182,84
10.3408,-16243,3179,83
10.3509,-15941,14457,83
10.3609,-16211,7811,83
10.3708,-15832,15743,83
10.3809,-16264,9131,83
10.3909,-15989,14180,83
10.4008,-16199,10812,83
10.411,-16143,12207,83
10.4209,-16163,11725,83
10.4309,-16191,11735,83
10.4408,-16185,11716,83
10.4509,-16178,11817,83
10.4608,-16186,11682,83
10.4708,-16193,11775,83
10.4808,-16178,11767,83
10.4909,-16180,11748,83
10.5009,-16190,11742,83
10.5109,-16180,11759,83
10.5209,-16188,11742,83
10.531,-16182,11731,83
10.5408,-16169,11733,82
10.5507,-14979,20266,82
10.561,-15872,14365,82
10.5709,-15280,18735,82
10.5809,-15768,15541,82
10.5909,-15420,18098,82
10.6009,-15681,16317,82
10.6109,-15518,17194,82
10.6208,-15555,17116,82
10.631,-15585,17001,82
10.6408,-15558,17180,82
10.651,-15563,17077,82
10.6608,-15576,17061,82
10.6708,-15557,17102,82
10.6808,-15563,17128,82
10.691,-15560,17083,82
10.7009,-15574,17096,82
10.7108,-15572,17103,82
10.721,-15567,17104,82
10.7309,-15587,17102,82
10.7408,-15570,17590,81
10.7509,-13025,26550,81
10.761,-14591,21400,81
10.7708,-14881,20342,81
10.7809,-14278,22595,81
10.7908,-13621,24726,81
10.8009,-13843,23935,81
10.8108,-13626,24714,81
10.8208,-13737,24371,81
10.8309,-13711,24410,81
10.8409,-13667,24528,81
10.8509,-13732,24434,81
10.861,-13713,24418,81
10.8709,-13680,24465,81
10.8808,-13698,24474,81
10.8908,-13718,24445,81
10.9516,-13705,29747,80
10.953,-11320,28645,80
10.9682,-11938,27208,80
10.9717,-11730,29065,80
10.973,-11810,28913,80
10.974,-11810,28913,80
10.975,-12109,28384,80
10.976,-12109,28384,80
10.9814,-12665,27043,80
10.991,-12325,27936,80
11.0009,-12450,27671,80
11.0108,-12359,27865,80
11.0211,-12428,27742,80
11.031,-12373,27805,80
11.0412,-12403,27787,80
11.0509,-12396,27780,80
11.0609,-12398,27773,80
11.0709,-12401,27801,80
11.081,-12408,27779,80
11.0909,-12385,27789,80
11.1009,-12393,27783,80
11.1109,-12396,27772,80
11.1209,-12400,27781,80
11.1309,-12406,27787,80
11.1409,-12047,28060,79
11.1508,-9112,32556,79
11.1609,-11499,29086,79
11.1709,-9786,31745,79
11.1809,-11231,29633,79
11.1909,-10477,30803,79
11.201,-10811,30292,79
11.211,-10670,30530,79
11.2209,-10699,30466,79
11.2309,-10762,30397,79
11.2407,-10719,30499,79
11.251,-10730,30464,79
11.2609,-10725,30428,79
11.2708,-10718,30450,79
11.2808,-10735,30463,79
11.2908,-10717,30455,79
11.3009,-10705,30451,79
11.3108,-10712,30459,79
11.3207,-10721,30453,79
11.3308,-10712,30463,79
11.341,-10369,30690,78
11.3508,-4936,32608,78
11.3608,-8281,32608,78
11.3709,-8442,32608,78
11.381,-5914,32608,78
11.391,-6887,32608,78
11.4008,-6435,32608,78
11.4109,-6501,32608,78
11.4209,-6407,32608,78
11.4308,-6485,32608,78
11.4408,-6470,32608,78
11.4508,-6431,32608,78
11.4608,-6468,32608,78
11.4709,-6465,32608,78
11.4808,-6445,32608,78
11.4909,-6464,32608,78
11.501,-6465,32608,78
11.511,-6448,32608,78
11.5209,-6461,32608,78
11.5309,-6447,32608,78
11.5408,-5993,32608,77
11.551,-2905,32608,77
11.5609,-5247,32608,77
11.5708,-3803,32608,77
11.5807,-4429,32608,77
11.5908,-3734,32608,77
11.6008,-4209,32608,77
11.6107,-3925,32608,77
11.6206,-4023,32608,77
11.6311,-4036,32608,77
11.6408,-3968,32608,77
11.6509,-3992,32608,77
11.6609,-3997,32608,77
11.6709,-3982,32608,77
11.6809,-3983,32608,77
11.6908,-4002,32608,77
11.7009,-4011,32608,77
11.7109,-4008,32608,77
11.7209,-3998,32608,77
11.7309,-4007,32608,77
11.7407,-3463,32608,76
11.751,-487,32608,76
11.7609,-2150,32608,76
11.7709,-1480,32608,76
11.781,-2407,32608,76
11.7908,-1647,32608,76
11.801,-2235,32608,76
11.811,-1938,32608,76
11.8209,-2039,32608,76
11.8309,-2068,32608,76
11.8408,-2022,32608,76
11.8509,-2052,32608,76
11.8609,-2050,32608,76
11.8707,-2033,32608,76
11.8809,-2038,32608,76
11.8909,-2054,32608,76
11.9009,-2030,32608,76
11.9109,-2045,32608,76
11.9209,-2045,32608,76
11.9309,-2038,32608,76
11.9408,-1458,32608,75
11.951,3712,32608,75
11.9608,-336,32608,75
11.9709,1172,32608,75
11.9808,1744,32608,75
11.9908,1205,32608,75
12.0008,-89,32608,75
12.0107,491,32608,75
12.0209,291,32608,75
12.0308,251,32608,75
12.0407,397,32608,75
12.051,265,32608,75
12.0608,291,32608,75
12.0709,317,32608,75
12.0809,312,32608,75
12.0909,288,32608,75
12.101,304,32608,75
12.1109,305,32608,75
12.1208,306,32608,75
12.1309,305,32608,75
12.1407,2167,32608,74
12.151,6548,31055,74
12.1609,3331,32608,74
12.1709,5334,32269,74
12.1807,4093,32608,74
12.1908,5011,32608,74
12.2009,4248,32608,74
12.2109,4656,32608,74
12.2207,4631,32608,74
12.2309,4633,32608,74
12.2409,4676,32608,74
12.2509,4593,32608,74
12.2608,4642,32608,74
12.2708,4672,32608,74
12.281,4643,32608,74
12.2907,4645,32608,74
12.3006,4656,32608,74
12.3109,4653,32608,74
12.3209,4652,32608,74
12.3307,4649,32608,74
12.3409,6566,30780,73
12.3508,6818,30364,73
12.3609,6704,30589,73
12.3709,7001,30223,73
12.3809,6431,30898,73
12.3909,7158,30334,73
12.4009,6759,30549,73
12.4109,6871,30373,73
12.4209,6855,30415,73
12.4309,6811,30448,73
12.441,6866,30393,73
12.4509,6843,30408,73
12.4609,6835,30437,73
12.4707,6848,30416,73
12.4809,6842,30420,73
12.4909,6836,30413,73
12.5007,6852,30415,73
12.5107,6855,30424,73
12.5208,6840,30432,73
12.5307,6848,30426,73
12.5407,8664,28038,72
12.5509,11017,23609,72
12.5609,8236,28512,72
12.5708,8991,27571,72
12.5808,8633,28100,72
12.5909,8595,28126,72
12.6009,8425,28370,72
12.6109,8606,28110,72
12.6209,8471,28297,72
12.6309,8502,28269,72
12.6408,8542,28217,72
12.6508,8523,28231,72
12.6608,8500,28263,72
12.6707,8539,28252,72
12.6809,8535,28240,72
12.6909,8520,28251,72
12.7007,8518,28257,72
12.7109,8514,28254,72
12.7208,8541,28250,72
12.7309,8525,28239,72
12.7409,10227,25028,71
12.7509,12964,18411,71
12.7609,10946,23352,71
12.7708,11521,21929,71
12.7808,11911,21140,71
12.791,11927,21084,71
12.8008,11472,22187,71
12.811,12036,20811,71
12.8209,11545,22097,71
12.8308,11791,21565,71
12.8407,11716,21705,71
12.8509,11695,21728,71
12.861,11734,21631,71
12.8708,11698,21714,71
12.8808,11689,21681,71
12.891,11702,21670,71
12.9008,11716,21686,71
12.9109,11705,21692,71
12.9208,11696,21679,71
12.9309,11713,21680,71
12.9409,13216,17388,70
12.9507,13021,17653,70
12.961,13787,15184,70
12.971,12733,18855,70
12.9808,13563,16232,70
12.9908,13020,17997,70
13.0008,13317,16963,70
13.0109,13180,17508,70
13.0207,13288,17141,70
13.0308,13231,17311,70
13.0407,13233,17313,70
13.0508,13243,17237,70
13.0609,13258,17292,70
13.0707,13232,17302,70
13.0808,13228,17279,70
13.0907,13235,17265,70
13.101,13241,17277,70
13.1109,13248,17294,70
13.1208,13246,17270,70
13.1308,13226,17282,70
13.1408,14314,12504,69
13.1508,14684,9897,69
13.1608,13803,14544,69
13.1707,14565,10898,69
13.1809,15046,8101,69
13.1907,14773,9624,69
13.201,14978,8531,69
13.211,14877,8929,69
13.2208,14887,8983,69
13.231,14913,8797,69
13.241,14896,8932,69
13.2509,14907,8911,69
13.2609,14910,8859,69
13.2708,14895,8870,69
13.281,14899,8919,69
13.2909,14908,8893,69
13.3009,14902,8876,69
13.3109,14907,8890,69
13.3209,14909,8883,69
13.331,14918,8906,69
13.3409,15638,2340,68
13.3508,15175,6804,68
13.361,15531,3924,68
13.3709,15430,5007,68
13.3809,15401,5238,68
13.3909,15441,4560,68
13.4009,15404,4920,68
13.4108,15412,4979,68
13.4208,15422,4860,68
13.4309,15437,4986,68
13.4409,15419,4911,68
13.4509,15431,4904,68
13.4608,15429,4934,68
13.4709,15417,4942,68
13.4811,15413,4916,68
13.4909,15407,4923,68
13.5009,15437,4926,68
13.511,15426,4923,68
13.521,15419,4935,68
13.5308,15432,4933,67
13.5407,15759,-2827,67
13.5509,15557,2626,67
13.561,15750,-1667,67
13.5709,15632,1732,67
13.5809,15715,-530,67
13.5909,15663,1293,67
13.6009,15702,107,67
13.6108,15676,792,67
13.6207,15672,470,67
13.6307,15691,538,67
13.6408,15675,622,67
13.6509,15680,582,67
13.6609,15700,532,67
13.6707,15687,580,67
13.6808,15661,568,67
13.6908,15678,564,67
13.7008,15693,561,67
13.7109,15710,567,67
13.7207,15682,565,67
13.7308,15681,568,66
13.7408,15535,-7672,66
13.751,15514,-7441,66
13.7608,15658,-2621,66
13.7708,15537,-7293,66
13.781,15481,-7886,66
13.7909,15532,-7654,66
13.8008,15471,-8406,66
13.8108,15496,-8111,66
13.8209,15498,-8143,66
13.831,15484,-8239,66
13.8409,15499,-8152,66
13.8509,15476,-8173,66
13.861,15479,-8194,66
13.8709,15490,-8181,66
13.8809,15493,-8178,66
13.8909,15502,-8179,66
13.9007,15476,-8172,66
13.9108,15486,-8167,66
13.9207,15483,-8167,66
13.9307,15498,-8175,65
13.9408,14645,-15011,65
13.9509,15284,-10225,65
13.9609,14794,-14118,65
13.9707,15186,-11397,65
13.9807,14900,-13582,65
13.9908,15098,-12360,65
14.001,14978,-13062,65
14.0108,15012,-12704,65
14.0207,14991,-12901,65
14.0307,15007,-12868,65
14.0408,15013,-12801,65
14.0509,14995,-12840,65
14.0608,15020,-12851,65
14.0707,15012,-12814,65
14.0807,15015,-12827,65
14.0908,15004,-12838,65
14.1009,15009,-12833,65
14.111,15003,-12842,65
14.1207,15006,-12839,65
14.1307,15032,-12835,64
14.1408,13739,-18878,64
14.151,14693,-14286,64
14.1609,14065,-17832,64
14.1707,14617,-15000,64
14.1807,14283,-16788,64
14.1907,14498,-15799,64
14.201,14408,-16217,64
14.2108,14447,-15984,64
14.2208,14416,-16088,64
14.2307,14427,-16089,64
14.2408,14426,-16052,64
14.251,14431,-16093,64
14.2609,14409,-16063,64
14.2709,14417,-16065,64
14.2808,14416,-16071,64
14.2907,14424,-16067,64
14.3009,14424,-16080,64
14.3108,14427,-16068,64
14.3209,14439,-16060,64
14.3308,14427,-16062,63
14.3407,12236,-23245,63
14.3525,12993,-21213,63
14.3608,13475,-19820,63
14.3708,12768,-22049,63
14.3808,13228,-20727,63
14.3907,13493,-19814,63
14.4009,13380,-20191,63
14.4108,13417,-20221,63
14.4209,13472,-19918,63
14.4308,13437,-20051,63
14.4408,13422,-20082,63
14.4509,13452,-19976,63
14.4609,13432,-20035,63
14.4709,13428,-20060,63
14.4809,13438,-20028,63
14.4909,13429,-20018,63
14.5009,13430,-20040,63
14.5109,13429,-20024,63
14.5209,13431,-20020,63
14.5309,13425,-20016,62
14.5409,8692,-29111,62
14.5509,12145,-23111,62
14.5609,9491,-28072,62
14.5709,11713,-24065,62
14.5809,9908,-27361,62
14.5908,11336,-24837,62
14.601,10311,-26655,62
14.6108,10987,-25539,62
14.6209,10600,-26207,62
14.6307,10815,-25846,62
14.6409,10709,-26000,62
14.6509,10742,-25974,62
14.6607,10771,-25935,62
14.6709,10737,-25966,62
14.6807,10735,-25958,62
14.6908,10744,-25952,62
14.7008,10743,-25961,62
14.7108,10757,-25959,62
14.7208,10741,-25969,62
14.7309,10511,-26128,61
14.7408,7786,-29900,61
14.7509,9941,-27119,61
14.7609,8201,-29434,61
14.7707,9643,-27744,61
14.7807,8562,-29055,61
14.7908,9202,-28365,61
14.801,8848,-28775,61
14.8109,9030,-28568,61
14.8208,8938,-28656,61
14.8308,8969,-28643,61
14.8408,8977,-28621,61
14.8509,8951,-28637,61
14.861,8972,-28640,61
14.8708,8985,-28640,61
14.8807,8955,-28643,61
14.8909,8964,-28648,61
14.901,8980,-28646,61
14.9109,8967,-28638,61
14.9208,8977,-28642,61
14.9309,8691,-28702,60
14.9408,4751,-31844,60
14.9508,6661,-30449,60
14.9609,7672,-29715,60
14.9708,6857,-30410,60
14.981,7721,-29842,60
14.9907,7414,-30007,60
15.0008,7405,-30000,60
15.011,7526,-29893,60
15.0207,7416,-29980,60
15.0307,7455,-29968,60
15.041,7493,-29950,60
15.051,7477,-29963,60
15.0608,7448,-29965,60
15.0707,7466,-29961,60
15.0807,7486,-29960,60
15.0908,7472,-29967,60
15.1007,7457,-29958,60
15.111,7475,-29953,60
15.1209,7467,-29960,60
15.131,7266,-29956,59
15.1408,1424,-32272,59
15.1509,5521,-31010,59
15.1609,2309,-32272,59
15.1707,4842,-31627,59
15.1813,2909,-32272,59
15.1909,4587,-31855,59
15.2009,3476,-32270,59
15.2108,4016,-32170,59
15.2209,3932,-32177,59
15.2308,3984,-32151,59
15.241,3919,-32185,59
15.2509,3970,-32177,59
15.2609,3961,-32166,59
15.2708,3959,-32172,59
15.2809,3966,-32185,59
15.2908,3959,-32169,59
15.3009,3953,-32178,59
15.3109,3962,-32188,59
15.3208,3964,-32175,59
15.3309,3590,-32035,58
15.3409,411,-32272,58
15.3511,2804,-32192,58
15.3609,1098,-32266,58
15.3709,1873,-32272,58
15.3809,1714,-32272,58
15.391,1826,-32269,58
15.4009,1733,-32272,58
15.411,1707,-32271,58
15.4209,1798,-32272,58
15.4307,1727,-32271,58
15.4408,1722,-32272,58
15.4509,1748,-32272,58
15.4608,1754,-32272,58
15.4709,1722,-32272,58
15.4807,1748,-32272,58
15.4907,1730,-32272,58
15.5007,1749,-32272,58
15.5109,1737,-32272,58
15.5208,1730,-32272,58
15.5309,1379,-32203,57
15.5408,-2788,-31133,57
15.5508,-249,-32265,57
15.5609,-160,-32272,57
15.5707,-999,-32098,57
15.5809,-2005,-31577,57
15.5908,-1563,-31845,57
15.6007,-1899,-31635,57
15.6107,-1719,-31697,57
15.6207,-1702,-31741,57
15.6309,-1784,-31709,57
15.6408,-1774,-31699,57
15.6508,-1740,-31729,57
15.6608,-1773,-31705,57
15.6709,-1768,-31703,57
15.6809,-1758,-31715,57
15.6909,-1756,-31713,57
15.7009,-1771,-31693,57
15.7109,-1774,-31714,57
15.7209,-1765,-31694,57
15.7308,-2140,-31326,56
15.7409,-3836,-30268,56
15.7509,-2964,-30845,56
15.7609,-4102,-30138,56
15.7708,-3060,-30857,56
15.7809,-3677,-30406,56
15.7909,-3409,-30613,56
15.8008,-3526,-30535,56
15.8107,-3488,-30571,56
15.8209,-3481,-30563,56
15.8309,-3512,-30546,56
15.8409,-3489,-30571,56
15.8507,-3506,-30573,56
15.8608,-3491,-30563,56
15.8708,-3481,-30556,56
15.8808,-3460,-30574,56
15.8907,-3510,-30573,56
15.901,-3489,-30566,56
15.9109,-3483,-30554,56
15.9207,-3496,-30565,56
15.9307,-5080,-29390,55
15.9408,-5784,-28705,55
15.951,-5324,-29161,55
15.9608,-5575,-28971,55
15.9707,-5212,-29264,55
15.9808,-5462,-29054,55
15.9907,-5376,-29137,55
16.0008,-5220,-29284,55
16.0108,-5352,-29172,55
16.0209,-5230,-29274,55
16.031,-5306,-29213,55
16.0408,-5295,-29226,55
16.0509,-5257,-29237,55
16.0609,-5281,-29235,55
16.0709,-5283,-29230,55
16.0809,-5270,-29250,55
16.0909,-5288,-29249,55
16.1009,-5304,-29230,55
16.1108,-5283,-29243,55
16.1207,-5281,-29241,55
16.1309,-6878,-27347,54
16.1409,-10034,-22766,54
16.1509,-6704,-27459,54
16.1609,-7974,-25808,54
16.1709,-9452,-23614,54
16.1807,-8647,-24754,54
16.1907,-9166,-24034,54
16.2007,-8926,-24336,54
16.2108,-9040,-24198,54
16.2208,-9008,-24217,54
16.231,-8987,-24253,54
16.2408,-9039,-24205,54
16.2507,-9028,-24221,54
16.2609,-8990,-24230,54
16.2709,-9027,-24220,54
16.2809,-9013,-24217,54
16.2909,-8994,-24229,54
16.3009,-9009,-24246,54
16.311,-9001,-24220,54
16.3209,-9006,-24233,54
16.331,-10423,-21935,53
16.341,-10685,-21288,53
16.3508,-10529,-21604,53
16.3608,-10873,-21758,53
16.3709,-10867,-21041,53
16.381,-10785,-21180,53
16.3908,-10800,-21153,53
16.4009,-10782,-21173,53
16.4109,-10837,-21077,53
16.4208,-10763,-21186,53
16.4308,-10812,-21133,53
16.4409,-10827,-21108,53
16.4509,-10811,-21151,53
16.4609,-10813,-21139,53
16.4709,-10824,-21117,53
16.4809,-10810,-21140,53
16.4909,-10807,-21139,53
16.5008,-10791,-21134,53
16.511,-10819,-21123,53
16.5209,-10832,-21131,53
16.5308,-12153,-17912,52
16.5426,-12332,-18985,52
16.5508,-12140,-17845,52
16.5609,-12010,-18187,52
16.5709,-12209,-17688,52
16.5808,-12198,-17724,52
16.5908,-12113,-17941,52
16.6008,-12150,-17833,52
16.611,-12163,-17820,52
16.6207,-12126,-17930,52
16.631,-12155,-17842,52
16.6409,-12146,-17855,52
16.6507,-12132,-17874,52
16.6609,-12148,-17856,52
16.6707,-12157,-17858,52
16.6807,-12139,-17864,52
16.6908,-12142,-17863,52
16.7008,-12146,-17871,52
16.7109,-12150,-17851,52
16.7209,-12143,-17860,52
16.7307,-13483,-14196,51
16.7407,-15033,-7789,51
16.7509,-12930,-15538,51
16.7609,-14086,-12009,51
16.7709,-14188,-11521,51
16.7807,-14013,-12292,51
16.7907,-13389,-14413,51
16.801,-13633,-13600,51
16.8109,-13424,-14329,51
16.8207,-13535,-13996,51
16.8308,-13490,-14060,51
16.8409,-13484,-14154,51
16.851,-13516,-14049,51
16.861,-13504,-14082,51
16.8708,-13484,-14111,51
16.881,-13493,-14100,51
16.8909,-13512,-14091,51
16.901,-13484,-14095,51
16.9109,-13504,-14109,51
16.9208,-13491,-14091,51
16.9307,-14492,-4715,50
16.9409,-15186,-6325,50
16.9508,-15508,-4397,50
16.9608,-15052,-7007,50
16.9709,-15526,-4302,50
16.9807,-15186,-6375,50
16.9909,-15432,-5018,50
17.0008,-15371,-5998,50
17.0108,-15405,-5097,50
17.0209,-15326,-5573,50
17.0307,-15396,-5248,50
17.0409,-15352,-5468,50
17.0509,-15365,-5395,50
17.0609,-15370,-5356,50
17.0707,-15367,-5390,50
17.0809,-15349,-5400,50
17.0909,-15362,-5370,50
17.101,-15368,-5381,50
17.1109,-15349,-5398,50
17.1208,-15365,-5390,50
17.1308,-16180,1812,49
17.1409,-15655,-3269,49
17.1509,-16137,702,49
17.1609,-15838,-2023,49
17.1709,-16014,-656,49
17.1807,-15989,-993,49
17.1909,-16011,-701,49
17.2008,-15953,-1078,49
17.2109,-15988,-809,49
17.2207,-15973,-964,49
17.2308,-15996,-916,49
17.2407,-15996,-878,49
17.251,-15960,-909,49
17.2609,-15977,-930,49
17.2708,-15967,-891,49
17.2809,-15975,-912,49
17.2908,-15975,-923,49
17.3007,-15993,-914,49
17.3108,-15970,-928,49
17.3208,-15978,-898,48
17.3309,-16345,6831,48
17.3409,-16304,7604,48
17.351,-16137,1615,48
17.3608,-16289,4749,48
17.3708,-16234,2784,48
17.3807,-16272,3557,48
17.3908,-16250,3122,48
17.4009,-16261,3034,48
17.4108,-16248,3323,48
17.4209,-16241,3110,48
17.4308,-16241,3100,48
17.4408,-16256,3160,48
17.451,-16245,3194,48
17.4609,-16247,3149,48
17.4709,-16248,3143,48
17.4807,-16243,3170,48
17.491,-16238,3155,48
17.5007,-16249,3165,48
17.511,-16233,3165,48
17.5208,-16257,3151,47
17.5309,-16059,13237,47
17.5408,-16187,11368,47
17.5509,-16082,13091,47
17.5608,-16188,11118,47
17.5709,-16010,14017,47
17.5809,-16210,11047,47
17.5909,-16157,12100,47
17.601,-16153,12401,47
17.611,-16216,11425,47
17.6207,-16176,11944,47
17.6308,-16198,11827,47
17.641,-16194,11692,47
17.6509,-16184,11811,47
17.6609,-16188,11762,47
17.6709,-16188,11765,47
17.6809,-16189,11777,47
17.6909,-16193,11784,47
17.701,-16205,11759,47
17.7109,-16177,11762,47
17.7208,-16177,11769,46
17.7309,-15030,20004,46
17.7409,-15923,14044,46
17.751,-15201,19008,46
17.7609,-15797,15380,46
17.7709,-15382,18254,46
17.7808,-15701,16222,46
17.7909,-15488,17629,46
17.8008,-15610,16854,46
17.8109,-15553,17191,46
17.8209,-15566,17203,46
17.8309,-15583,17088,46
17.8407,-15584,17100,46
17.8509,-15551,17152,46
17.8609,-15574,17114,46
17.8708,-15585,17104,46
17.8808,-15559,17117,46
17.8909,-15566,17121,46
17.9009,-15578,17124,46
17.9107,-15561,17116,46
17.9207,-15575,17131,45
17.9309,-13784,24176,45
17.941,-14055,21740,45
17.9509,-14916,20167,45
17.9608,-14278,22680,45
17.9708,-13549,24922,45
17.9809,-13870,23892,45
17.9908,-13595,24733,45
18.0009,-13781,24232,45
18.011,-13678,24393,45
18.0209,-13675,24535,45
18.0307,-13705,24407,45
18.0407,-13709,24427,45
18.0508,-13702,24487,45
18.0609,-13709,24449,45
18.0709,-13704,24431,45
18.0809,-13712,24458,45
18.091,-13701,24450,45
18.1008,-13713,24441,45
18.111,-13701,24453,45
18.1208,-13711,24442,44
18.1309,-11339,29888,44
18.1409,-13170,25843,44
18.1509,-11694,29072,44
18.1608,-12664,27267,44
18.1708,-12314,27931,44
18.1808,-12374,27846,44
18.191,-12365,27845,44
18.2009,-12384,27744,44
18.2108,-12363,27845,44
18.2208,-12373,27812,44
18.2309,-12412,27803,44
18.2409,-12376,27828,44
18.251,-12393,27813,44
18.2609,-12377,27797,44
18.2707,-12376,27811,44
18.2808,-12385,27823,44
18.2907,-12394,27812,44
18.3008,-12390,27810,44
18.3109,-12380,27819,44
18.3209,-12397,27817,43
18.3308,-9069,32580,43
18.3408,-11521,29062,43
18.3508,-9780,31804,43
18.361,-11245,29639,43
18.3709,-10251,31168,43
18.3809,-11017,30033,43
18.3909,-10566,30548,43
18.4009,-10725,30473,43
18.4108,-10763,30402,43
18.4208,-10718,30507,43
18.4308,-10750,30440,43
18.4408,-10764,30445,43
18.4508,-10740,30482,43
18.461,-10734,30474,43
18.4707,-10749,30456,43
18.4808,-10750,30462,43
18.4907,-10740,30449,43
18.5009,-10745,30460,43
18.5109,-10734,30455,43
18.5209,-10494,30590,42
18.5307,-5057,32608,42
18.5409,-8179,32608,42
18.5507,-8558,32608,42
18.5611,-6288,32608,42
18.5709,-6670,32608,42
18.582,-6516,32608,42
18.6198,-6483,32608,42
18.6205,-6466,32608,42
18.6217,-6466,32608,42
18.6225,-6496,32608,42
18.6336,-6505,32608,42
18.6409,-6511,32608,42
18.651,-6493,32608,42
18.6613,-6487,32608,42
18.6709,-6491,32608,42
18.6809,-6471,32608,42
18.6908,-6491,32608,42
18.701,-6498,32608,42
18.711,-6479,32608,42
18.7209,-6101,32608,41
18.7309,-2844,32608,41
18.741,-5324,32608,41
18.751,-3217,32608,41
18.7609,-4791,32608,41
18.7709,-3569,32608,41
18.781,-4262,32608,41
18.791,-3934,32608,41
18.8009,-4062,32608,41
18.8109,-4049,32608,41
18.8209,-4009,32608,41
18.8309,-4049,32608,41
18.841,-4046,32608,41
18.8508,-4016,32608,41
18.861,-4033,32608,41
18.8707,-4031,32608,41
18.8808,-4030,32608,41
18.8907,-4027,32608,41
18.9008,-4018,32608,41
18.9108,-4031,32608,41
18.9208,-3502,32608,40
18.9309,-494,32608,40
18.9409,-2961,32608,40
18.9508,-1066,32608,40
18.961,-2688,32608,40
18.971,-1681,32608,40
18.9809,-2288,32608,40
18.9909,-1959,32608,40
19.001,-2084,32608,40
19.0109,-2071,32608,40
19.0208,-2042,32608,40
19.0308,-2084,32608,40
19.0408,-2070,32608,40
19.0509,-2052,32608,40
19.0608,-2077,32608,40
19.0708,-2069,32608,40
19.0808,-2079,32608,40
19.0907,-2064,32608,40
19.1008,-2062,32608,40
19.111,-2073,32608,40
19.1209,-1512,32608,39
19.131,3900,32608,39
19.1409,550,32608,39
19.1509,584,32608,39
19.161,1709,32608,39
19.1708,1114,32608,39
19.1808,-97,32608,39
19.1907,617,32608,39
19.201,168,32608,39
19.211,306,32608,39
19.2207,365,32608,39
19.231,254,32608,39
19.2408,283,32608,39
19.251,325,32608,39
19.261,276,32608,39
19.2707,280,32608,39
19.2808,287,32608,39
19.2909,298,32608,39
19.3008,288,32608,39
19.3107,291,32608,39
19.3207,699,32608,38
19.331,7355,30060,38
19.3408,2456,32608,38
19.351,5419,32209,38
19.361,4005,32608,38
19.3709,5072,32482,38
19.3808,4172,32608,38
19.3908,5000,32584,38
19.401,4342,32608,38
19.411,4631,32608,38
19.4209,4642,32608,38
19.4309,4584,32608,38
19.4408,4636,32608,38
19.4509,4629,32608,38
19.4609,4606,32608,38
19.4708,4617,32608,38
19.481,4628,32608,38
19.4909,4611,32608,38
19.5009,4601,32608,38
19.511,4622,32608,38
19.5208,5262,32145,37
19.5309,7923,30387,37
19.5407,6707,30592,37
19.5509,6978,30276,37
19.561,6444,30897,37
19.571,7158,30083,37
19.5809,6594,30758,37
19.5908,6948,30418,37
19.601,6835,30443,37
19.611,6819,30485,37
19.6207,6860,30414,37
19.6308,6808,30472,37
19.6408,6847,30458,37
19.651,6844,30442,37
19.6609,6829,30450,37
19.6709,6835,30458,37
19.6809,6844,30453,37
19.6909,6830,30442,37
19.7009,6833,30458,37
19.711,6821,30442,37
19.7209,7443,28045,36
19.7309,11032,23497,36
19.7408,8241,28435,36
19.7509,8987,27495,36
19.761,8922,27592,36
19.7709,8383,28345,36
19.781,8542,28291,36
19.7908,8608,28038,36
19.801,8465,28224,36
19.8109,8513,28180,36
19.821,8549,28127,36
19.8308,8495,28174,36
19.8407,8502,28185,36
19.851,8518,28171,36
19.861,8523,28150,36
19.8707,8512,28184,36
19.8809,8510,28181,36
19.8909,8519,28169,36
19.9009,8518,28175,36
19.911,8520,28167,36
19.9209,10172,25051,35
19.9309,12970,18278,35
19.941,10897,23355,35
19.9509,12343,19884,35
19.9609,11248,22630,35
19.9709,12296,19961,35
19.981,11473,22105,35
19.9909,12027,20719,35
20.001,11515,22033,35
20.011,11766,21392,35
20.0207,11637,21712,35
20.0307,11693,21596,35
20.0409,11693,21560,35
20.051,11670,21639,35
20.0609,11686,21604,35
20.0709,11673,21595,35
20.0809,11686,21610,35
20.0909,11680,21623,35
20.101,11680,21613,35
20.111,11678,21612,35
20.1209,13241,17234,34
20.1307,13014,17731,34
20.1407,13395,16583,34
20.1508,13003,17853,34
20.161,13280,16967,34
20.171,13006,17924,34
20.181,13311,16850,34
20.1909,13158,17425,34
20.201,13263,17030,34
20.211,13207,17302,34
20.2208,13235,17167,34
20.231,13218,17158,34
20.241,13201,17199,34
20.251,13204,17214,34
20.261,13226,17195,34
20.2708,13221,17211,34
20.281,13202,17191,34
20.2908,13205,17194,34
20.301,13214,17198,34
20.3109,13220,17192,34
20.3209,14358,12406,33
20.3307,15134,7895,33
20.3408,13843,14493,33
20.351,14472,11680,33
20.3608,15096,8141,33
20.3709,14814,9637,33
20.3809,15001,8545,33
20.391,14904,9134,33
20.4008,14956,8833,33
20.4109,14951,8853,33
20.4209,14938,8962,33
20.4309,14935,8913,33
20.4407,14952,8856,33
20.4509,14921,8914,33
20.461,14949,8905,33
20.4709,14936,8883,33
20.481,14935,8905,33
20.4907,14967,8883,33
20.5008,14946,8899,33
20.5109,14950,8900,33
20.5208,15509,4605,32
20.5308,15382,5259,32
20.5408,15432,3780,32
20.5508,15457,5131,32
20.5609,15442,5173,32
20.5708,15485,4638,32
20.5807,15433,5093,32
20.5908,15442,4951,32
20.6008,15464,4940,32
20.611,15459,5026,32
20.621,15456,4952,32
20.6308,15471,4980,32
20.6409,15460,4989,32
20.6509,15439,4965,32
20.6609,15453,4964,32
20.6709,15457,4965,32
20.6808,15473,4976,32
20.6907,15456,4975,32
20.7008,15447,4970,32
20.711,15468,4968,32
20.7208,15745,-719,31
20.731,15681,2758,31
20.7409,15785,-1771,31
20.751,15678,1804,31
20.7609,15764,-610,31
20.7707,15699,1105,31
20.7816,15724,89,31
20.791,15716,793,31
20.801,15716,467,31
20.8108,15719,546,31
20.8209,15722,600,31
20.8308,15711,519,31
20.8408,15733,543,31
20.851,15721,572,31
20.861,15719,563,31
20.871,15719,541,31
20.881,15723,553,31
20.8908,15698,555,31
20.901,15715,552,31
20.911,15732,567,31
20.921,15724,-8005,30
20.9309,15530,-7251,30
20.9408,15720,-2720,30
20.951,15572,-7466,30
20.9608,15488,-8537,30
20.9707,15571,-7337,30
20.9809,15501,-8505,30
20.9909,15529,-8087,30
21.001,15511,-8169,30
21.0108,15514,-8239,30
21.0209,15522,-8133,30
21.031,15497,-8200,30
21.0408,15512,-8192,30
21.0508,15507,-8166,30
21.0609,15524,-8174,30
21.0709,15515,-8181,30
21.081,15506,-8200,30
21.091,15508,-8186,30
21.101,15502,-8179,30
21.111,15501,-8188,29
21.1209,14625,-15172,29
21.131,15297,-10133,29
21.141,14812,-14247,29
21.151,15196,-11524,29
21.161,14955,-13366,29
21.171,15101,-12544,29
21.181,14970,-13116,29
21.191,15062,-12725,29
21.201,15005,-12945,29
21.211,15044,-12853,29
21.2208,15016,-12839,29
21.231,15015,-12905,29
21.241,15024,-12869,29
21.251,15023,-12848,29
21.2609,15031,-12867,29
21.2708,15033,-12855,29
21.2809,15016,-12868,29
21.2909,15033,-12866,29
21.301,15037,-12855,29
21.311,15040,-12860,28
21.321,13723,-19017,28
21.331,14732,-14219,28
21.3409,14066,-17763,28
21.3509,14581,-15305,28
21.361,14345,-16538,28
21.371,14449,-15768,28
21.381,14416,-16233,28
21.391,14466,-15972,28
21.401,14425,-16142,28
21.411,14451,-16048,28
21.4209,14466,-16080,28
21.431,14444,-16091,28
21.4408,14439,-16074,28
21.451,14445,-16053,28
21.461,14438,-16088,28
21.4708,14446,-16082,28
21.481,14434,-16072,28
21.491,14440,-16086,28
21.501,14435,-16080,28
21.511,14448,-16076,27
21.521,12055,-23640,27
21.5309,12577,-22386,27
21.541,13739,-18783,27
21.551,12783,-22039,27
21.5608,12963,-21062,27
21.5708,13581,-19440,27
21.581,13333,-20421,27
21.5908,13479,-19893,27
21.601,13449,-19982,27
21.6109,13410,-20127,27
21.6207,13483,-20004,27
21.6307,13451,-19975,27
21.6408,13426,-20050,27
21.651,13439,-20025,27
21.6608,13427,-19996,27
21.6709,13422,-20016,27
21.681,13438,-20016,27
21.6909,13449,-20021,27
21.701,13445,-20014,27
21.711,13447,-20008,26
21.7209,9485,-27975,26
21.731,11679,-24150,26
21.7408,9812,-27502,26
21.7509,11580,-24118,26
21.761,9945,-27302,26
21.771,11345,-24852,26
21.7809,10309,-26750,26
21.7907,11005,-25531,26
21.8007,10601,-26182,26
21.8109,10815,-25848,26
21.8207,10724,-25993,26
21.831,10737,-25967,26
21.8409,10764,-25929,26
21.851,10732,-25975,26
21.861,10737,-25954,26
21.8709,10743,-25959,26
21.8809,10743,-25953,26
21.8908,10749,-25967,26
21.9008,10738,-25971,26
21.911,10742,-25982,25
21.9208,7621,-29955,25
21.931,10073,-26951,25
21.941,8152,-29361,25
21.9509,9621,-27789,25
21.961,8558,-29095,25
21.9709,9210,-28352,25
21.9809,8840,-28785,25
21.9909,9034,-28570,25
22.001,8937,-28662,25
22.0109,8956,-28668,25
22.0208,8988,-28624,25
22.0309,8960,-28649,25
22.0408,8953,-28653,25
22.0508,8969,-28640,25
22.0609,8958,-28628,25
22.0707,8975,-28645,25
22.0808,8970,-28655,25
22.0909,8976,-28648,25
22.1009,8951,-28649,25
22.111,8951,-28652,24
22.121,5341,-31411,24
22.1309,6183,-30329,24
22.1409,7539,-29849,24
22.151,6877,-30382,24
22.161,7683,-29779,24
22.1709,7331,-30060,24
22.181,7475,-29948,24
22.191,7497,-29921,24
22.201,7433,-29993,24
22.2109,7455,-29975,24
22.221,7473,-29957,24
22.231,7449,-29965,24
22.241,7451,-29971,24
22.251,7461,-29954,24
22.261,7456,-29960,24
22.2709,7459,-29967,24
22.281,7460,-29964,24
22.291,7446,-29961,24
22.301,7456,-29960,24
22.3108,7459,-29950,23
22.3208,2195,-32272,23
22.331,5584,-30948,23
22.341,2316,-32272,23
22.351,5026,-31511,23
22.361,2898,-32272,23
22.371,4494,-31950,23
22.381,3630,-32272,23
22.3909,4087,-32180,23
22.4009,3947,-32226,23
22.411,4025,-32214,23
22.4208,3967,-32226,23
22.4308,4007,-32198,23
22.4409,3987,-32217,23
22.4509,3988,-32216,23
22.4608,3991,-32209,23
22.4709,3999,-32216,23
22.481,3982,-32216,23
22.4908,4011,-32215,23
22.5009,3983,-32221,23
22.511,3977,-32104,22
22.521,629,-32272,22
22.5308,2659,-32245,22
22.5407,1285,-32272,22
22.551,2306,-32271,22
22.561,1449,-32272,22
22.5708,2088,-32272,22
22.5808,1780,-32272,22
22.5908,1755,-32272,22
22.6009,1820,-32272,22
22.611,1735,-32272,22
22.6208,1783,-32272,22
22.6309,1798,-32272,22
22.6408,1764,-32272,22
22.651,1766,-32272,22
22.6608,1784,-32272,22
22.6708,1766,-32272,22
22.6809,1786,-32272,22
22.6908,1778,-32272,22
22.7009,1787,-32272,22
22.711,1200,-32243,21
22.7208,-2836,-31121,21
22.7308,-16,-32271,21
22.7408,131,-32272,21
22.7508,-893,-32189,21
22.761,-1903,-31633,21
22.7709,-1509,-31914,21
22.781,-1838,-31726,21
22.7909,-1706,-31804,21
22.801,-1688,-31816,21
22.8109,-1778,-31764,21
22.8209,-1727,-31778,21
22.8309,-1713,-31807,21
22.8409,-1738,-31787,21
22.851,-1751,-31777,21
22.8608,-1729,-31800,21
22.8708,-1741,-31802,21
22.8808,-1725,-31794,21
22.8908,-1746,-31796,21
22.9007,-1729,-31796,21
22.911,-2266,-31282,20
22.9208,-4471,-29858,20
22.9309,-2576,-31092,20
22.9408,-4245,-30008,20
22.9509,-3082,-30819,20
22.961,-3707,-30366,20
22.9708,-3397,-30579,20
22.9815,-3545,-30487,20
22.9908,-3466,-30539,20
23.001,-3496,-30520,20
23.0108,-3513,-30518,20
23.0353,-3459,-30542,20
23.0539,-3488,-30532,20
23.0613,-3489,-30525,20
23.0623,-3477,-30522,20
23.0632,-3477,-30522,20
23.0809,-3482,-30536,20
23.0819,-3485,-30536,20
23.0908,-3492,-30530,20
23.1008,-3495,-30527,20
23.111,-4156,-29950,19
23.121,-6539,-27790,19
23.1309,-4668,-29620,19
23.1409,-5423,-29047,19
23.1509,-5312,-29147,19
23.1609,-5416,-29068,19
23.1709,-5217,-29236,19
23.181,-5317,-29153,19
23.1908,-5288,-29175,19
23.2009,-5253,-29226,19
23.211,-5294,-29174,19
23.2209,-5288,-29181,19
23.2309,-5258,-29190,19
23.2409,-5291,-29196,19
23.2509,-5291,-29189,19
23.2609,-5273,-29199,19
23.2709,-5263,-29192,19
23.2809,-5281,-29187,19
23.2909,-5288,-29195,19
23.3009,-5267,-29183,19
23.3108,-5905,-28422,18
23.3208,-10307,-22317,18
23.3309,-7176,-27630,18
23.3409,-8074,-25619,18
23.351,-9490,-23655,18
23.361,-8668,-24842,18
23.3707,-9102,-24196,18
23.3807,-8992,-24377,18
23.3908,-9076,-24244,18
23.4008,-9044,-24281,18
23.411,-9045,-24312,18
23.4208,-9079,-24259,18
23.4307,-9039,-24298,18
23.4407,-9049,-24280,18
23.4507,-9055,-24277,18
23.4608,-9050,-24274,18
23.4709,-9052,-24290,18
23.4809,-9042,-24274,18
23.491,-9062,-24298,18
23.501,-9048,-24284,18
23.511,-9729,-23216,17
23.5209,-11364,-21751,17
23.5309,-10772,-21344,17
23.5409,-10805,-21278,17
23.5509,-10686,-21516,17
23.561,-11001,-20918,17
23.5709,-10757,-21398,17
23.581,-10899,-21230,17
23.5907,-10882,-21121,17
23.6009,-10828,-21228,17
23.611,-10868,-21152,17
23.6209,-10862,-21186,17
23.631,-10854,-21204,17
23.6408,-10868,-21199,17
23.6509,-10858,-21166,17
23.661,-10849,-21181,17
23.6709,-10862,-21187,17
23.6809,-10851,-21185,17
23.6907,-10871,-21182,17
23.701,-10870,-21179,17
23.711,-11500,-17268,16
23.7209,-12161,-17824,16
23.7309,-12329,-17483,16
23.7408,-12320,-17576,16
23.751,-12061,-18148,16
23.761,-12345,-17483,16
23.7709,-12080,-17920,16
23.7809,-12176,-17925,16
23.7908,-12212,-17847,16
23.8009,-12160,-17955,16
23.811,-12209,-17871,16
23.8209,-12179,-17915,16
23.8309,-12164,-17931,16
23.8408,-12183,-17916,16
23.8509,-12183,-17899,16
23.8609,-12186,-17912,16
23.8709,-12185,-17909,16
23.8809,-12176,-17916,16
23.8908,-12199,-17917,16
23.9009,-12180,-17899,16
23.9109,-13685,-13565,15
23.9209,-14939,-8257,15
23.931,-13026,-15460,15
23.9409,-14028,-12395,15
23.951,-14310,-11181,15
23.961,-14373,-10866,15
23.971,-14427,-10761,15
23.981,-14507,-10263,15
23.9908,-14587,-9934,15
24.001,-14578,-10019,15
24.0109,-14592,-10020,15
24.0209,-14588,-9991,15
24.031,-14577,-10005,15
24.0408,-14566,-10012,15
24.0508,-14577,-10005,15
24.0609,-14587,-9989,15
24.0709,-14590,-10001,15
24.0808,-14560,-10000,15
24.0907,-14583,-10000,15
24.1008,-14569,-10005,15
24.1109,-15443,-4903,14
24.1209,-15149,-6456,14
24.1308,-15449,-4821,14
24.1408,-15281,-5899,14
24.1509,-15385,-4597,14
24.1609,-15293,-5837,14
24.1709,-15413,-5155,14
24.181,-15346,-5567,14
24.1908,-15383,-5282,14
24.2009,-15352,-5453,14
24.2109,-15370,-5448,14
24.2209,-15368,-5378,14
24.2309,-15368,-5393,14
24.2407,-15351,-5425,14
24.2509,-15359,-5395,14
24.2609,-15360,-5392,14
24.2709,-15349,-5414,14
24.2809,-15362,-5388,14
24.2909,-15364,-5406,14
24.301,-15371,-5401,14
24.311,-16021,-302,13
24.3209,-15815,-1884,13
24.3309,-16027,-441,13
24.3409,-15954,-2242,13
24.3509,-16022,-425,13
24.3609,-15965,-1157,13
24.3709,-15983,-907,13
24.3807,-15964,-1006,13
24.3909,-15993,-834,13
24.401,-15970,-988,13
24.4109,-15967,-931,13
24.4209,-15975,-905,13
24.431,-15980,-945,13
24.441,-15973,-942,13
24.4509,-15970,-914,13
24.461,-15972,-926,13
24.4709,-15985,-938,13
24.4809,-15988,-943,13
24.491,-15996,-950,13
24.5009,-15973,-923,13
24.5109,-16296,4833,12
24.5209,-16349,8960,12
24.531,-16176,1599,12
24.5409,-16291,4842,12
24.551,-16236,2723,12
24.5609,-16247,3659,12
24.5709,-16236,2888,12
24.581,-16264,3237,12
24.5909,-16248,3330,12
24.601,-16242,3113,12
24.611,-16256,3119,12
24.6209,-16252,3214,12
24.631,-16267,3167,12
24.6409,-16250,3150,12
24.6508,-16235,3175,12
24.6609,-16251,3173,12
24.6709,-16246,3164,12
24.6809,-16234,3159,12
24.6908,-16244,3167,12
24.701,-16234,3156,11
24.7109,-16220,9359,11
24.7209,-16024,10366,11
24.7309,-16013,13839,11
24.7409,-16218,10552,11
24.7507,-16096,12942,11
24.761,-16141,11951,11
24.7709,-16185,11416,11
24.7809,-16119,12185,11
24.7907,-16197,11502,11
24.8008,-16170,11863,11
24.8109,-16183,11743,11
24.8209,-16190,11680,11
24.831,-16184,11806,11
24.8408,-16175,11716,11
24.8509,-16188,11731,11
24.861,-16191,11745,11
24.8709,-16175,11762,11
24.8809,-16177,11741,11
24.8909,-16195,11743,11
24.9009,-16176,11743,10
24.9109,-14980,20337,10
24.9208,-15950,13835,10
24.9307,-15160,19318,10
24.9407,-15848,15057,10
24.951,-15358,18396,10
24.961,-15699,16108,10
24.9709,-15486,17519,10
24.9808,-15612,16905,10
24.9908,-15574,17122,10
25.0008,-15573,17174,10
25.0109,-15585,17036,10
25.0209,-15564,17106,10
25.031,-15565,17135,10
25.0409,-15557,17110,10
25.051,-15569,17091,10
25.0609,-15563,17094,10
25.0709,-15566,17105,10
25.0807,-15570,17087,10
25.0907,-15551,17097,10
25.1009,-15568,17102,9
25.1109,-13665,24517,9
25.1209,-14143,22968,9
25.131,-15051,19489,9
25.1408,-14379,22312,9
25.151,-13681,24507,9
25.1609,-13831,23833,9
25.1709,-13603,24750,9
25.1809,-13780,24244,9
25.1909,-13692,24462,9
25.2008,-13673,24496,9
25.2109,-13740,24360,9
25.2207,-13706,24459,9
25.2309,-13689,24460,9
25.2408,-13694,24439,9
25.2507,-13730,24412,9
25.2609,-13712,24442,9
25.2709,-13695,24445,9
25.2809,-13712,24441,9
25.2908,-13712,24440,9
25.3009,-13714,24435,8
25.311,-11304,29728,8
25.3209,-13077,26113,8
25.3307,-11946,28679,8
25.3409,-12468,27717,8
25.3509,-12466,27995,8
25.3609,-12376,27810,8
25.3709,-12370,27852,8
25.3809,-12402,27779,8
25.391,-12345,27865,8
25.401,-12382,27781,8
25.4109,-12379,27812,8
25.4209,-12351,27832,8
25.4308,-12375,27817,8
25.4409,-12389,27812,8
25.451,-12392,27822,8
25.4609,-12374,27820,8
25.4709,-12389,27821,8
25.4807,-12367,27824,8
25.4909,-12389,27812,8
25.5009,-12393,27824,7
25.5109,-9029,32553,7
25.5209,-11638,28933,7
25.531,-9701,31903,7
25.5409,-11281,29659,7
25.5509,-10278,31162,7
25.561,-11043,30050,7
25.5709,-10565,30712,7
25.5807,-10823,30334,7
25.5907,-10723,30461,7
25.601,-10738,30501,7
25.611,-10754,30433,7
25.6209,-10755,30427,7
25.631,-10723,30468,7
25.6409,-10744,30463,7
25.6508,-10750,30433,7
25.6608,-10740,30445,7
25.6708,-10765,30427,7
25.6808,-10761,30447,7
25.6907,-10756,30434,7
25.7007,-10742,30451,6
25.7109,-6299,32608,6
25.7209,-7123,32608,6
25.731,-8496,32608,6
25.7409,-6230,32608,6
25.7509,-6670,32608,6
25.7607,-6686,32608,6
25.7708,-6357,32608,6
25.7809,-6482,32608,6
25.7909,-6479,32608,6
25.801,-6444,32608,6
25.8109,-6465,32608,6
25.8209,-6483,32608,6
25.8309,-6459,32608,6
25.8409,-6471,32608,6
25.851,-6467,32608,6
25.8608,-6464,32608,6
25.8709,-6474,32608,6
25.8807,-6467,32608,6
25.8909,-6457,32608,6
25.901,-6461,32608,5
25.9107,-2565,32608,5
25.9207,-5525,32608,5
25.931,-3260,32608,5
25.9408,-4795,32608,5
25.9509,-3561,32608,5
25.9609,-4328,32608,5
25.9708,-3878,32608,5
25.981,-4094,32608,5
25.9909,-4039,32608,5
26.001,-3992,32608,5
26.0107,-4045,32608,5
26.0207,-4018,32608,5
26.0308,-4013,32608,5
26.0409,-4049,32608,5
26.051,-4038,32608,5
26.0608,-4020,32608,5
26.0709,-4034,32608,5
26.0809,-4023,32608,5
26.0909,-4031,32608,5
26.1009,-4031,32608,4
26.1109,-466,32608,4
26.1209,-2963,32608,4
26.1308,-1009,32608,4
26.1407,-2660,32608,4
26.1507,-1593,32608,4
26.1609,-2202,32608,4
26.1707,-1920,32608,4
26.1808,-2079,32608,4
26.1909,-2020,32608,4
26.201,-2000,32608,4
26.2109,-2055,32608,4
26.2207,-2002,32608,4
26.2309,-2019,32608,4
26.2409,-2033,32608,4
26.2509,-2024,32608,4
26.2608,-2025,32608,4
26.2709,-2030,32608,4
26.2809,-2028,32608,4
26.2909,-2027,32608,4
26.3009,-1560,32608,3
26.3107,3890,32608,3
26.3207,675,32608,3
26.3307,502,32608,3
26.3409,1699,32608,3
26.3509,1251,32608,3
26.3608,-77,32608,3
26.3709,551,32608,3
26.3809,261,32608,3
26.3909,288,32608,3
26.4009,378,32608,3
26.4109,260,32608,3
26.421,311,32608,3
26.431,331,32608,3
26.4409,311,32608,3
26.4509,294,32608,3
26.4608,318,32608,3
26.4707,324,32608,3
26.4807,296,32608,3
26.4907,312,32608,3
26.5011,695,32608,2
26.5109,7377,29998,2
26.5207,2454,32608,2
26.531,6295,31250,2
26.5407,3269,32608,2
26.5509,5663,32410,2
26.561,4150,32608,2
26.5709,5059,32539,2
26.5809,4336,32608,2
26.5908,4803,32608,2
26.6009,4551,32608,2
26.6109,4643,32608,2
26.6209,4653,32608,2
26.6308,4616,32608,2
26.6408,4601,32608,2
26.651,4634,32608,2
26.661,4609,32608,2
26.6709,4623,32608,2
26.6809,4608,32608,2
26.6909,4619,32608,2
26.701,5132,32251,1
26.7109,8051,28973,1
26.7209,5795,31527,1
26.7309,7606,29436,1
26.7409,6111,30881,1
26.7509,7183,29981,1
26.7609,6600,30699,1
26.7709,6982,30245,1
26.7809,6790,30462,1
26.7908,6852,30372,1
26.8009,6862,30348,1
26.8109,6836,30396,1
26.8209,6832,30396,1
26.831,6863,30376,1
26.8408,6850,30387,1
26.8509,6843,30396,1
26.8609,6852,30383,1
26.8709,6853,30401,1
26.8809,6861,30380,1
26.8909,6849,30396,1
26.9009,7320,29639,0
26.911,11224,22980,0
26.9207,9002,27336,0
26.931,8925,27623,0
26.9407,8941,27619,0
26.9507,8359,28405,0
26.961,8558,28172,0
26.9707,8574,28143,0
26.9809,8447,28327,0
26.9909,8548,28225,0
27.0007,8538,28171,0
27.0109,8495,28241,0
27.0209,8499,28222,0
27.0309,8527,28198,0
27.0409,8500,28239,0
27.0509,8500,28227,0
27.0609,8512,28209,0
27.0707,8506,28221,0
27.0807,8515,28227,0
27.0907,8507,28218,0
27.101,8501,28225,-1
27.111,8526,28233,-1
27.1209,8513,28223,-1
27.1309,8517,28220,-1
27.1407,8496,28224,-1
27.151,8521,28223,-1
27.1609,8512,28222,-1
27.1709,8508,28207,-1
27.1807,8519,28218,-1
27.1907,8520,28222,-1
27.2009,8513,28232,-1
27.2108,8502,28228,-1
27.2207,8505,28209,-1
27.2307,8526,28204,-1
27.2409,8498,28220,-1
27.2508,8503,28209,-1
27.2609,8522,28233,-1
27.2707,8511,28216,-1
27.281,8499,28212,-1
27.2909,8521,28215,-1
27.3009,8502,28226,0
27.311,8532,28218,0
27.3207,8514,28219,0
27.3307,8502,28222,0
27.3408,8516,28239,0
27.3508,8504,28216,0
27.361,8523,28231,0
27.3709,8499,28237,0
27.3807,8514,28219,0
27.3909,8520,28227,0
27.4009,8518,28220,0
27.411,8519,28217,0
27.4207,8514,28220,0
27.4307,8479,28211,0
27.4408,8524,28217,0
27.4509,8499,28220,0
27.4609,8496,28220,0
27.4707,8500,28223,0
27.4807,8513,28220,0
27.4908,8512,28220,0
27.5009,6974,30134,1
27.5109,6590,30649,1
27.5209,7029,30146,1
27.5309,6406,30877,1
27.5407,7166,29993,1
27.5507,6573,30691,1
27.5609,6954,30353,1
27.5709,6842,30374,1
27.5809,6816,30441,1
27.5908,6872,30341,1
27.6008,6823,30400,1
27.6109,6823,30405,1
27.6207,6849,30381,1
27.631,6829,30390,1
27.6409,6845,30375,1
27.6509,6837,30384,1
27.6609,6840,30381,1
27.6709,6846,30395,1
27.681,6826,30392,1
27.6908,6834,30398,1
27.7009,4809,32489,2
27.711,4583,32587,2
27.7209,4425,32604,2
27.7309,4662,32605,2
27.7409,4655,32608,2
27.751,4509,32604,2
27.7609,4518,32608,2
27.7709,4669,32608,2
27.7809,4550,32608,2
27.7908,4652,32608,2
27.8009,4588,32608,2
27.8109,4620,32608,2
27.8209,4614,32608,2
27.8309,4621,32608,2
27.8408,4606,32608,2
27.8509,4617,32608,2
27.8609,4616,32608,2
27.8708,4603,32608,2
27.8808,4625,32608,2
27.8909,4595,32608,2
27.9009,2553,32608,3
27.9109,-610,32608,3
27.9209,2989,32608,3
27.9309,2040,32608,3
27.9409,350,32608,3
27.9509,412,32608,3
27.9609,246,32608,3
27.971,395,32608,3
27.981,189,32608,3
27.9909,322,32608,3
28.0009,297,32608,3
28.0109,253,32608,3
28.0209,261,32608,3
28.0309,301,32608,3
28.041,278,32608,3
28.051,296,32608,3
28.0609,276,32608,3
28.0709,281,32608,3
28.0809,270,32608,3
28.0908,272,32608,3
28.1009,-1661,32608,4
28.1109,-1849,32608,4
28.1209,-1742,32608,4
28.1308,-1669,32608,4
28.1407,-2009,32608,4
28.1507,-2144,32608,4
28.1609,-1963,32608,4
28.1708,-2068,32608,4
28.1809,-2051,32608,4
28.1909,-2010,32608,4
28.201,-2065,32608,4
28.2109,-2050,32608,4
28.2209,-2041,32608,4
28.2309,-2066,32608,4
28.2409,-2045,32608,4
28.251,-2042,32608,4
28.2609,-2047,32608,4
28.2709,-2058,32608,4
28.2808,-2048,32608,4
28.2907,-2029,32608,4
28.3009,-4213,32608,5
28.3109,-4338,32608,5
28.3209,-4911,32608,5
28.3309,-3765,32608,5
28.3409,-4332,32608,5
28.351,-4040,32608,5
28.3609,-4095,32608,5
28.371,-4018,32608,5
28.3809,-4120,32608,5
28.3909,-4051,32608,5
28.401,-4049,32608,5
28.4108,-4083,32608,5
28.4207,-4048,32608,5
28.4309,-4052,32608,5
28.4408,-4068,32608,5
28.4507,-4049,32608,5
28.461,-4050,32608,5
28.4707,-4077,32608,5
28.4809,-4047,32608,5
28.4908,-4067,32608,5
28.5009,-6253,32608,6
28.511,-8644,32583,6
28.5209,-5475,32608,6
28.5309,-7867,32608,6
28.5409,-8645,32608,6
28.5509,-8195,32608,6
28.561,-8110,32608,6
28.5709,-8271,32608,6
28.5809,-8203,32608,6
28.5908,-8260,32608,6
28.6009,-8196,32608,6
28.6109,-8225,32608,6
28.6209,-8215,32608,6
28.6309,-8220,32608,6
28.6409,-8218,32608,6
28.6509,-8223,32608,6
28.6609,-8231,32608,6
28.6709,-8228,32608,6
28.6807,-8210,32608,6
28.6909,-8208,32608,6
28.7007,-11644,28901,7
28.7109,-9538,32080,7
28.7209,-11392,29344,7
28.7308,-10039,31438,7
28.7408,-11137,29860,7
28.751,-10488,30867,7
28.761,-11014,30079,7
28.7707,-10656,30589,7
28.7808,-10853,30314,7
28.7909,-10788,30400,7
28.801,-10770,30425,7
28.811,-10822,30349,7
28.821,-10808,30369,7
28.8308,-10803,30396,7
28.8409,-10818,30397,7
28.8509,-10804,30380,7
28.8608,-10804,30391,7
28.8707,-10801,30389,7
28.8808,-10807,30391,7
28.8908,-10809,30392,8
28.9007,-13205,25841,8
28.9109,-11794,28936,8
28.9209,-12756,27027,8
28.9309,-12410,27795,8
28.9409,-12236,27779,8
28.9508,-12485,27708,8
28.9609,-12404,27829,8
28.9709,-12422,27813,8
28.9809,-12436,27745,8
28.9909,-12393,27829,8
29.0009,-12440,27762,8
29.011,-12435,27777,8
29.0208,-12428,27790,8
29.0307,-12432,27799,8
29.0409,-12434,27787,8
29.0509,-12429,27798,8
29.061,-12439,27805,8
29.0709,-12420,27791,8
29.0808,-12435,27796,8
29.0909,-12434,27802,9
29.1009,-14694,21258,9
29.111,-14751,21055,9
29.1209,-13319,25720,9
29.1309,-14415,22041,9
29.1409,-14251,22752,9
29.1508,-13532,24936,9
29.161,-13920,23755,9
29.1709,-13643,24619,9
29.181,-13784,24205,9
29.1909,-13745,24290,9
29.2009,-13708,24394,9
29.2111,-13734,24322,9
29.2209,-13753,24289,9
29.231,-13733,24358,9
29.2408,-13746,24349,9
29.251,-13749,24318,9
29.2615,-13740,24318,9
29.2709,-13751,24353,9
29.2808,-13743,24333,9
29.2908,-13743,24330,10
29.3009,-15830,15339,10
29.3108,-15432,17983,10
29.3208,-15836,13300,10
29.3309,-15116,19650,10
29.3408,-15896,14546,10
29.351,-15309,18671,10
29.361,-15786,15720,10
29.3707,-15480,17816,10
29.381,-15691,16557,10
29.3907,-15599,17143,10
29.4009,-15601,17088,10
29.411,-15615,16965,10
29.4207,-15600,17093,10
29.4308,-15601,17057,10
29.4409,-15599,17024,10
29.4509,-15612,17025,10
29.461,-15600,17076,10
29.471,-15625,17057,10
29.481,-15601,17052,10
29.4908,-15603,17045,11
29.501,-16291,9273,11
29.5109,-15990,15084,11
29.5208,-16288,9627,11
29.5309,-16071,13410,11
29.541,-16227,11407,11
29.5509,-16201,11769,11
29.561,-16198,11792,11
29.571,-16192,11832,11
29.581,-16195,11611,11
29.591,-16203,11748,11
29.601,-16212,11687,11
29.611,-16197,11687,11
29.6208,-16204,11728,11
29.6308,-16198,11694,11
29.6408,-16192,11692,11
29.6509,-16202,11702,11
29.6609,-16208,11710,11
29.6708,-16201,11694,11
29.6808,-16208,11710,11
29.6908,-16187,11697,12
29.7008,-16293,1390,12
29.7108,-16342,5842,12
29.7207,-16338,8839,12
29.7308,-16338,6467,12
29.7407,-16319,7936,12
29.7509,-16320,7910,12
29.7608,-16325,8202,12
29.771,-16335,7986,12
29.7808,-16312,7978,12
29.7908,-16312,8116,12
29.8008,-16325,8011,12
29.811,-16348,8002,12
29.821,-16314,8067,12
29.831,-16334,8054,12
29.8407,-16312,8019,12
29.8509,-16315,8034,12
29.8607,-16334,8045,12
29.8707,-16329,8038,12
29.881,-16321,8038,12
29.8909,-16315,7942,13
29.9011,-15173,-6165,13
29.911,-16287,3443,13
29.9208,-15397,-4598,13
29.9308,-16199,2084,13
29.9409,-15607,-3451,13
29.9512,-16120,587,13
29.9612,-15816,-2263,13
29.9708,-16049,-252,13
29.9807,-15927,-1359,13
29.9908,-15999,-760,13
30.0009,-15970,-1077,13
30.0108,-15977,-927,13
30.0209,-15975,-914,13
30.0308,-15983,-991,13
30.0408,-15977,-964,13
30.0509,-15978,-947,13
30.0608,-15977,-973,13
30.0709,-15987,-968,13
30.0808,-15973,-962,13
30.0909,-15970,-1070,14
30.101,-14636,-9192,14
30.1109,-15742,-2906,14
30.121,-14947,-7638,14
30.131,-15596,-3884,14
30.141,-15156,-6196,14
30.151,-15435,-4880,14
30.1609,-15291,-5762,14
30.1708,-15374,-5295,14
30.1809,-15344,-5444,14
30.1909,-15348,-5487,14
30.2075,-15362,-5474,14
30.2296,-15373,-5426,14
30.2307,-15363,-5433,14
30.2314,-15363,-5433,14
30.2477,-15350,-5436,14
30.2509,-15353,-5446,14
30.261,-15365,-5443,14
30.2709,-15373,-5432,14
30.2809,-15376,-5432,14
30.2909,-15372,-5574,15
30.301,-12960,-15631,15
30.311,-14174,-11777,15
30.3209,-14740,-9115,15
30.3309,-13968,-12972,15
30.3408,-13323,-14650,15
30.3509,-13680,-13563,15
30.361,-13439,-14384,15
30.3708,-13562,-13963,15
30.3809,-13521,-14120,15
30.3908,-13503,-14168,15
30.4009,-13526,-14074,15
30.411,-13535,-14099,15
30.4207,-13511,-14147,15
30.431,-13532,-14100,15
30.4407,-13529,-14108,15
30.451,-13507,-14136,15
30.4608,-13525,-14118,15
30.4707,-13523,-14110,15
30.481,-13521,-14104,15
30.4907,-13505,-14275,16
30.5009,-11196,-20231,16
30.5108,-13012,-15651,16
30.5207,-11563,-18741,16
30.5309,-12538,-16961,16
30.5408,-11895,-18589,16
30.5509,-12314,-17539,16
30.5608,-12073,-18121,16
30.5708,-12205,-17839,16
30.581,-12160,-17895,16
30.5909,-12148,-17973,16
30.601,-12176,-17908,16
30.6109,-12158,-17923,16
30.621,-12161,-17933,16
30.6308,-12154,-17922,16
30.6408,-12141,-17930,16
30.651,-12162,-17930,16
30.6608,-12175,-17915,16
30.6708,-12150,-17938,16
30.6808,-12165,-17926,16
30.6908,-12119,-18163,17
30.701,-9445,-23645,17
30.7108,-11590,-20498,17
30.7208,-10299,-22223,17
30.7309,-11145,-20557,17
30.7408,-10526,-21827,17
30.751,-10991,-20853,17
30.7609,-10740,-21396,17
30.7708,-10856,-21230,17
30.781,-10856,-21168,17
30.7908,-10807,-21261,17
30.801,-10824,-21188,17
30.8108,-10837,-21206,17
30.8209,-10832,-21219,17
30.831,-10834,-21197,17
30.8407,-10837,-21208,17
30.8509,-10824,-21207,17
30.8608,-10849,-21224,17
30.8709,-10834,-21209,17
30.881,-10819,-21204,17
30.891,-10752,-21403,18
30.901,-6357,-28298,18
30.9108,-9263,-23914,18
30.9208,-8512,-24967,18
30.9308,-7422,-26490,18
30.9408,-7429,-26476,18
30.951,-7720,-26034,18
30.9608,-7758,-26001,18
30.9707,-7722,-25962,18
30.9808,-7738,-25971,18
30.9909,-7744,-25971,18
31.0009,-7732,-25957,18
31.0109,-7731,-25963,18
31.0208,-7728,-25958,18
31.0308,-7740,-25960,18
31.0408,-7732,-25966,18
31.0508,-7736,-25964,18
31.061,-7720,-25965,18
31.0708,-7722,-25971,18
31.081,-7713,-25964,18
31.0909,-7654,-27548,19
31.101,-4575,-29698,19
31.111,-6089,-28345,19
31.1207,-4944,-29437,19
31.1309,-5730,-28734,19
31.1409,-4958,-29449,19
31.151,-5539,-29201,19
31.1608,-5242,-29227,19
31.1707,-5225,-29236,19
31.181,-5277,-29191,19
31.1907,-5196,-29281,19
31.2008,-5257,-29210,19
31.2109,-5249,-29197,19
31.2207,-5228,-29238,19
31.2309,-5213,-29241,19
31.2408,-5236,-29228,19
31.2507,-5239,-29230,19
31.2608,-5221,-29236,19
31.2709,-5246,-29235,19
31.281,-5239,-29233,19
31.2931,-4335,-30694,20
31.3009,-2657,-31044,20
31.3138,-3420,-30518,20
31.3208,-2749,-30999,20
31.331,-4003,-30172,20
31.3408,-3196,-30754,20
31.351,-3552,-30486,20
31.361,-3394,-30615,20
31.3708,-3455,-30551,20
31.381,-3437,-30570,20
31.3908,-3431,-30575,20
31.4009,-3461,-30563,20
31.411,-3446,-30572,20
31.4207,-3430,-30575,20
31.431,-3436,-30559,20
31.441,-3433,-30564,20
31.4509,-3431,-30572,20
31.461,-3449,-30566,20
31.4709,-3452,-30562,20
31.481,-3441,-30565,20
31.491,-2548,-31335,21
31.5009,1295,-32266,21
31.5108,-1852,-31717,21
31.5208,-1131,-32011,21
31.5308,-583,-32197,21
31.5408,-1435,-31879,21
31.5509,-1656,-31785,21
31.5609,-1664,-31756,21
31.5709,-1601,-31802,21
31.5808,-1722,-31703,21
31.5908,-1653,-31732,21
31.6009,-1646,-31780,21
31.611,-1678,-31736,21
31.6208,-1665,-31729,21
31.631,-1657,-31745,21
31.6409,-1674,-31752,21
31.651,-1680,-31742,21
31.6608,-1670,-31736,21
31.6707,-1675,-31739,21
31.6809,-1667,-31738,21
31.691,-936,-32167,22
31.7009,4018,-31918,22
31.7108,249,-32272,22
31.7207,2043,-32272,22
31.731,1922,-32270,22
31.7408,1908,-32272,22
31.7509,1838,-32272,22
31.7608,1971,-32272,22
31.7708,1795,-32272,22
31.781,1842,-32272,22
31.7909,1919,-32272,22
31.801,1812,-32272,22
31.811,1838,-32272,22
31.8208,1839,-32272,22
31.831,1831,-32272,22
31.841,1834,-32272,22
31.851,1850,-32272,22
31.8608,1840,-32272,22
31.8708,1848,-32272,22
31.881,1826,-32272,22
31.891,2768,-32272,23
31.9008,4679,-32233,23
31.911,3989,-32143,23
31.9208,4043,-32124,23
31.931,3578,-32272,23
31.9408,4327,-32044,23
31.951,3805,-32235,23
31.961,4104,-32153,23
31.9709,3970,-32178,23
31.9808,4007,-32179,23
31.991,4043,-32168,23
32.001,3998,-32174,23
32.011,4041,-32177,23
32.0208,4024,-32178,23
32.031,4027,-32175,23
32.041,4021,-32170,23
32.051,4031,-32182,23
32.0608,4034,-32174,23
32.0708,4033,-32185,23
32.0809,4033,-32180,23
32.0908,4954,-30796,24
32.1009,7862,-29568,24
32.111,5179,-31516,24
32.121,5992,-30905,24
32.1314,6160,-30820,24
32.141,5407,-31295,24
32.1508,5653,-31118,24
32.1607,5489,-31258,24
32.1708,5522,-31204,24
32.1809,5565,-31198,24
32.191,5507,-31232,24
32.2009,5545,-31197,24
32.211,5558,-31211,24
32.2209,5549,-31211,24
32.231,5538,-31212,24
32.241,5534,-31214,24
32.251,5535,-31198,24
32.261,5529,-31208,24
32.2708,5539,-31212,24
32.281,5544,-31230,24
32.291,8036,-29648,25
32.301,9761,-27501,25
32.311,8779,-28858,25
32.3208,9155,-28364,25
32.331,9043,-28461,25
32.341,9230,-28942,25
32.3509,9194,-28336,25
32.361,9107,-28423,25
32.3709,8932,-28688,25
32.381,9054,-28527,25
32.3908,9008,-28571,25
32.4008,8975,-28614,25
32.4108,9016,-28550,25
32.4209,9015,-28579,25
32.431,8991,-28592,25
32.441,9007,-28567,25
32.451,9007,-28570,25
32.4607,9001,-28584,25
32.4708,9005,-28584,25
32.4808,9019,-28588,25
32.4909,11170,-25174,26
32.5008,10418,-26553,26
32.5108,11186,-25129,26
32.5209,10507,-26340,26
32.5309,10932,-25200,26
32.541,10559,-26296,26
32.5508,10876,-25756,26
32.5609,10719,-26011,26
32.5708,10835,-25842,26
32.581,10753,-25972,26
32.5909,10816,-25932,26
32.601,10788,-25890,26
32.611,10769,-25926,26
32.6209,10784,-25919,26
32.6309,10786,-25915,26
32.6409,10781,-25921,26
32.651,10781,-25914,26
32.661,10788,-25923,26
32.6709,10788,-25925,26
32.681,10794,-25922,26
32.691,12573,-22427,27
32.701,13702,-18917,27
32.7116,11772,-24269,27
32.7212,12622,-21893,27
32.7308,13585,-19431,27
32.7408,13308,-20462,27
32.7508,13560,-19728,27
32.7609,13401,-20172,27
32.7709,13508,-19796,27
32.781,13452,-19899,27
32.7909,13469,-20011,27
32.801,13478,-19902,27
32.8109,13475,-19945,27
32.8208,13481,-19956,27
32.8308,13482,-19934,27
32.841,13483,-19937,27
32.851,13480,-19947,27
32.861,13482,-19934,27
32.8709,13478,-19948,27
32.881,13493,-19935,27
32.891,14514,-15471,28
32.901,14218,-17094,28
32.911,14488,-14683,28
32.9209,14242,-16960,28
32.931,14524,-15716,28
32.941,14444,-16041,28
32.9509,14448,-16011,28
32.9609,14455,-16012,28
32.9709,14448,-15919,28
32.9811,14438,-16029,28
32.9909,14457,-15989,28
33.001,14454,-15982,28
33.011,14454,-16004,28
33.021,14453,-15990,28
33.031,14452,-15997,28
33.041,14466,-15997,28
33.051,14451,-15995,28
33.061,14469,-16001,28
33.0708,14448,-15992,28
33.081,14441,-15985,29
33.091,15200,-9375,29
33.101,14729,-14596,29
33.111,15268,-10758,29
33.1208,14883,-13705,29
33.131,15144,-11971,29
33.1409,14991,-13029,29
33.151,15055,-12594,29
33.161,15009,-12908,29
33.171,15049,-12689,29
33.181,15039,-12782,29
33.191,15038,-12787,29
33.201,15026,-12751,29
33.211,15044,-12765,29
33.2209,15036,-12784,29
33.231,15029,-12770,29
33.2409,15024,-12761,29
33.2509,15040,-12766,29
33.261,15027,-12762,29
33.2709,15044,-12776,29
33.281,15015,-12775,30
33.2909,15712,-3733,30
33.3008,15690,-5104,30
33.311,15408,-9594,30
33.3209,15659,-5015,30
33.3308,15690,-4089,30
33.3408,15685,-5027,30
33.3508,15656,-5285,30
33.3608,15654,-5166,30
33.3708,15673,-5279,30
33.381,15662,-5179,30
33.3907,15661,-5239,30
33.4009,15678,-5213,30
33.4109,15682,-5232,30
33.4208,15671,-5219,30
33.431,15685,-5222,30
33.4408,15676,-5227,30
33.451,15669,-5234,30
33.461,15671,-5226,30
33.471,15666,-5220,30
33.4809,15681,-5222,31
33.4909,15450,4125,31
33.5009,15781,-3034,31
33.5109,15573,2949,31
33.5208,15793,-1715,31
33.5308,15639,1934,31
33.5409,15766,-510,31
33.5509,15708,1234,31
33.561,15731,208,31
33.571,15706,773,31
33.581,15723,539,31
33.591,15726,560,31
33.6009,15704,611,31
33.6109,15713,607,31
33.6209,15729,567,31
33.6308,15710,597,31
33.6409,15726,600,31
33.6509,15725,578,31
33.6609,15716,592,31
33.6708,15712,601,31
33.6809,15722,592,32
33.691,15044,8028,32
33.7009,15662,2482,32
33.711,15272,6521,32
33.7209,15515,3659,32
33.731,15414,5356,32
33.741,15465,4869,32
33.751,15473,4992,32
33.761,15478,4887,32
33.7708,15457,5018,32
33.781,15462,4911,32
33.791,15459,4942,32
33.8009,15476,4976,32
33.811,15477,4949,32
33.8208,15462,4947,32
33.831,15462,4949,32
33.841,15475,4947,32
33.851,15476,4954,32
33.861,15451,4949,32
33.871,15470,4947,32
33.881,15469,4948,33
33.891,13959,13925,33
33.9009,14502,11496,33
33.9109,15045,9457,33
33.9209,14432,11662,33
33.931,14563,10928,33
33.9409,14951,8583,33
33.951,14817,9445,33
33.9609,14944,8657,33
33.9709,14858,9070,33
33.981,14900,8964,33
33.991,14916,8848,33
34.001,14886,8994,33
34.011,14891,8933,33
34.021,14902,8914,33
34.031,14876,8967,33
34.041,14902,8946,33
34.0509,14898,8929,33
34.0609,14901,8932,33
34.0708,14907,8934,33
34.0809,14912,8940,34
34.0908,11966,20596,34
34.101,13910,12960,34
34.111,12120,20194,34
34.1209,13848,14688,34
34.1309,12547,19182,34
34.141,13605,15735,34
34.151,12837,18378,34
34.1608,13387,16534,34
34.1709,13102,17503,34
34.1808,13224,17161,34
34.191,13197,17206,34
34.2009,13180,17295,34
34.2108,13205,17188,34
34.2208,13184,17227,34
34.231,13199,17229,34
34.2409,13186,17228,34
34.2508,13195,17219,34
34.2609,13186,17220,34
34.2709,13188,17232,34
34.2808,13202,17234,35
34.2908,10441,23953,35
34.301,12529,19248,35
34.3109,10991,23210,35
34.3209,12269,20030,35
34.3309,11407,22271,35
34.3409,11771,21307,35
34.3509,11630,21794,35
34.3609,11700,21501,35
34.3709,11636,21673,35
34.3809,11668,21589,35
34.3908,11643,21592,35
34.401,11663,21623,35
34.4109,11665,21622,35
34.4208,11661,21601,35
34.431,11661,21599,35
34.441,11654,21624,35
34.4509,11651,21617,35
34.4609,11638,21605,35
34.4709,11666,21625,35
34.481,11655,22355,36
34.4909,7461,29405,36
34.5009,9864,25839,36
34.511,10411,24682,36
34.5209,9576,26360,36
34.5308,9721,26097,36
34.541,10287,24579,36
34.551,10189,25109,36
34.5609,10380,24695,36
34.5709,10255,24959,36
34.5809,10329,24852,36
34.591,10330,24834,36
34.601,10294,24889,36
34.611,10315,24877,36
34.6209,10322,24841,36
34.631,10315,24870,36
34.641,10312,24875,36
34.651,10314,24863,36
34.6608,10317,24862,36
34.6709,10325,24866,36
34.681,10113,25387,37
34.691,4101,32608,37
34.701,8786,27969,37
34.7108,5109,32214,37
34.7209,8000,28938,37
34.7309,5690,31186,37
34.7408,7342,29825,37
34.7509,6255,31072,37
34.7609,7101,30079,37
34.7709,6655,30635,37
34.7808,6864,30329,37
34.7909,6764,30432,37
34.8009,6772,30465,37
34.8109,6846,30397,37
34.8208,6786,30461,37
34.8308,6778,30450,37
34.841,6808,30427,37
34.851,6801,30435,37
34.861,6783,30437,37
34.8709,6796,30429,37
34.8809,6453,31100,38
34.891,3192,32608,38
34.9009,5517,32013,38
34.911,3807,32608,38
34.9209,5197,32607,38
34.931,4448,32608,38
34.9408,4747,32608,38
34.951,4525,32608,38
34.9609,4603,32608,38
34.9709,4621,32608,38
34.9809,4577,32608,38
34.9908,4607,32608,38
35.0009,4622,32608,38
35.0109,4598,32608,38
35.0209,4594,32608,38
35.031,4601,32608,38
35.0409,4609,32608,38
35.0509,4602,32608,38
35.0609,4609,32608,38
35.0708,4596,32608,38
35.0809,4142,32608,39
35.0908,-1045,32608,39
35.1009,2099,32608,39
35.111,2058,32608,39
35.1209,811,32608,39
35.1309,16,32608,39
35.1409,490,32608,39
35.151,171,32608,39
35.161,235,32608,39
35.1709,326,32608,39
35.1809,239,32608,39
35.191,194,32608,39
35.2009,256,32608,39
35.211,238,32608,39
35.2209,236,32608,39
35.231,242,32608,39
35.241,244,32608,39
35.251,243,32608,39
35.261,243,32608,39
35.2709,219,32608,39
35.2809,-269,32608,40
35.2909,-3035,32608,40
35.3009,-1721,32608,40
35.311,-2236,32608,40
35.3209,-1678,32608,40
35.331,-2411,32608,40
35.341,-1893,32608,40
35.3509,-2197,32608,40
35.3609,-2077,32608,40
35.3709,-2061,32608,40
35.3809,-2141,32608,40
35.3909,-2077,32608,40
35.401,-2086,32608,40
35.411,-2115,32608,40
35.4208,-2093,32608,40
35.4309,-2100,32608,40
35.441,-2094,32608,40
35.451,-2098,32608,40
35.461,-2093,32608,40
35.4708,-2100,32608,40
35.481,-2743,32608,41
35.4909,-4468,32608,41
35.5009,-4140,32608,41
35.511,-4423,32608,41
35.5209,-3861,32608,41
35.5309,-4355,32608,41
35.5409,-3909,32608,41
35.5509,-4048,32608,41
35.5609,-4128,32608,41
35.5709,-4039,32608,41
35.581,-4090,32608,41
35.5909,-4079,32608,41
35.601,-4048,32608,41
35.6109,-4077,32608,41
35.6211,-4065,32608,41
35.6309,-4062,32608,41
35.641,-4054,32608,41
35.6509,-4064,32608,41
35.6609,-4070,32608,41
35.6709,-4057,32608,41
35.6809,-6195,32608,42
35.691,-9628,31795,42
35.7009,-5695,32608,42
35.7108,-7425,32608,42
35.7208,-8573,32608,42
35.7309,-8351,32608,42
35.741,-8089,32608,42
35.7508,-8268,32608,42
35.761,-8194,32608,42
35.7709,-8230,32608,42
35.781,-8213,32608,42
35.7909,-8233,32608,42
35.8009,-8199,32608,42
35.8109,-8204,32608,42
35.8207,-8231,32608,42
35.8307,-8211,32608,42
35.841,-8221,32608,42
35.851,-8213,32608,42
35.861,-8238,32608,42
35.8709,-8207,32608,42
35.8809,-10347,31041,43
35.8908,-10473,30851,43
35.9009,-10660,30566,43
35.9109,-10524,30799,43
35.9209,-10703,29901,43
35.931,-10462,30901,43
35.941,-10911,30249,43
35.9509,-10669,30622,43
35.9609,-10845,30319,43
35.9709,-10744,30494,43
35.9811,-10787,30466,43
35.9909,-10817,30394,43
36.001,-10778,30457,43
36.0111,-10785,30449,43
36.0209,-10786,30429,43
36.0309,-10789,30441,43
36.0409,-10793,30442,43
36.051,-10804,30429,43
36.0609,-10789,30437,43
36.0709,-10789,30444,43
36.081,-12359,27821,44
36.091,-12544,27538,44
36.1009,-12228,28182,44
36.1109,-12779,27829,44
36.1209,-12216,28239,44
36.131,-12595,27467,44
36.141,-12361,27962,44
36.1509,-12472,27752,44
36.161,-12446,27801,44
36.1709,-12438,27837,44
36.181,-12453,27795,44
36.1909,-12439,27797,44
36.2009,-12455,27812,44
36.2109,-12447,27796,44
36.2209,-12435,27795,44
36.231,-12435,27800,44
36.2409,-12438,27794,44
36.2511,-12440,27797,44
36.261,-12439,27800,44
36.2709,-12446,27805,44
36.2809,-13920,23901,45
36.291,-15131,19266,45
36.301,-13309,25741,45
36.311,-14402,22252,45
36.3209,-14309,22572,45
36.331,-13626,24670,45
36.341,-13887,23900,45
36.351,-13657,24589,45
36.3609,-13783,24273,45
36.3709,-13764,24293,45
36.381,-13711,24450,45
36.3909,-13745,24319,45
36.4008,-13741,24326,45
36.4107,-13735,24381,45
36.4208,-13735,24343,45
36.431,-13739,24329,45
36.4409,-13748,24348,45
36.4509,-13725,24360,45
36.4608,-13743,24359,45
36.4708,-13737,24353,45
36.4808,-15053,20288,46
36.491,-15944,18016,46
36.5009,-15829,15271,46
36.511,-15323,18668,46
36.5209,-15849,15240,46
36.5308,-15402,18203,46
36.541,-15742,16132,46
36.551,-15538,17813,46
36.561,-15694,16584,46
36.5709,-15555,17326,46
36.5809,-15627,16954,46
36.591,-15613,17065,46
36.6009,-15603,17114,46
36.611,-15618,17075,46
36.6209,-15613,17043,46
36.631,-15597,17090,46
36.6409,-15615,17081,46
36.6507,-15613,17068,46
36.6609,-15603,17063,46
36.6707,-15604,17073,46
36.6809,-16180,9203,47
36.6907,-16032,14313,47
36.7009,-16268,10480,47
36.7109,-16153,12607,47
36.7209,-16180,12254,47
36.7309,-16235,11289,47
36.741,-16172,11889,47
36.7509,-16197,11755,47
36.7609,-16204,11701,47
36.7708,-16207,11838,47
36.781,-16213,11701,47
36.791,-16214,11774,47
36.8009,-16215,11768,47
36.811,-16221,11755,47
36.8209,-16219,11743,47
36.831,-16213,11767,47
36.841,-16197,11746,47
36.8511,-16214,11764,47
36.8609,-16214,11764,47
36.8709,-16208,11760,48
36.881,-16302,4276,48
36.891,-16292,3972,48
36.9009,-16319,9381,48
36.9109,-16346,6493,48
36.9209,-16334,6991,48
36.931,-16330,8205,48
36.941,-16332,7966,48
36.951,-16330,7936,48
36.961,-16330,8137,48
36.9709,-16335,7964,48
36.981,-16332,8024,48
36.991,-16334,8048,48
37.001,-16333,8044,48
37.011,-16348,8008,48
37.0209,-16337,8027,48
37.031,-16342,8038,48
37.0411,-16320,8023,48
37.0509,-16335,8016,48
37.061,-16324,8024,48
37.0709,-16343,8021,49
37.081,-15712,-2729,49
37.0909,-16150,599,49
37.101,-15665,-3072,49
37.111,-16144,1033,49
37.1209,-15646,-3464,49
37.1309,-16152,855,49
37.1408,-15839,-2150,49
37.151,-16045,-480,49
37.161,-15971,-1174,49
37.1709,-15996,-816,49
37.181,-15969,-1064,49
37.1909,-15995,-903,49
37.2009,-16000,-930,49
37.2109,-15995,-986,49
37.2209,-15991,-939,49
37.2309,-15999,-930,49
37.241,-15991,-951,49
37.2509,-15998,-935,49
37.261,-15985,-932,49
37.2709,-15992,-936,50
37.2811,-14761,-8613,50
37.2909,-15733,-3019,50
37.301,-14983,-7600,50
37.311,-15610,-3878,50
37.3208,-15166,-6618,50
37.3309,-15499,-4659,50
37.341,-15294,-5877,50
37.351,-15404,-5189,50
37.3609,-15365,-5542,50
37.3709,-15380,-5473,50
37.381,-15397,-5384,50
37.3909,-15365,-5446,50
37.401,-15378,-5438,50
37.4108,-15372,-5408,50
37.4209,-15370,-5437,50
37.431,-15394,-5435,50
37.4411,-15378,-5422,50
37.4509,-15372,-5430,50
37.4609,-15382,-5427,50
37.4709,-15382,-5420,51
37.4807,-13673,-13562,51
37.4908,-13722,-11655,51
37.501,-14726,-9164,51
37.5109,-14004,-12461,51
37.5209,-13275,-14715,51
37.5308,-13674,-13548,51
37.5408,-13395,-14394,51
37.5509,-13550,-13916,51
37.5609,-13458,-14103,51
37.5709,-13453,-14195,51
37.5809,-13491,-14067,51
37.5909,-13483,-14125,51
37.6009,-13463,-14131,51
37.611,-13495,-14096,51
37.6209,-13500,-14108,51
37.631,-13486,-14114,51
37.6411,-13479,-14123,51
37.651,-13483,-14118,51
37.6609,-13489,-14119,51
37.6709,-13486,-14105,52
37.6809,-11256,-20156,52
37.691,-12975,-15653,52
37.7009,-11515,-19360,52
37.711,-12630,-16660,52
37.7209,-11868,-18566,52
37.7309,-12267,-17537,52
37.7408,-12085,-18064,52
37.751,-12183,-17785,52
37.7609,-12123,-17903,52
37.7709,-12135,-17899,52
37.7809,-12151,-17842,52
37.7908,-12131,-17898,52
37.8009,-12114,-17885,52
37.8109,-12133,-17863,52
37.8208,-12141,-17881,52
37.831,-12143,-17880,52
37.841,-12130,-17876,52
37.8509,-12135,-17876,52
37.8609,-12133,-17882,52
37.8708,-12134,-18234,53
37.8809,-9463,-23555,53
37.891,-11540,-19478,53
37.9009,-9995,-22661,53
37.9109,-11270,-20160,53
37.9209,-10413,-21941,53
37.9309,-10992,-20840,53
37.9408,-10712,-21371,53
37.9509,-10827,-21125,53
37.961,-10798,-21154,53
37.971,-10759,-21229,53
37.9809,-10814,-21136,53
37.991,-10796,-21179,53
38.0009,-10791,-21192,53
38.011,-10799,-21172,53
38.0208,-10804,-21170,53
38.0309,-10785,-21169,53
38.0409,-10804,-21173,53
38.051,-10805,-21183,53
38.0609,-10795,-21174,53
38.0709,-10676,-21445,54
38.081,-6296,-28012,54
38.0909,-8496,-25036,54
38.1009,-9025,-24171,54
38.111,-7538,-26312,54
38.1209,-7356,-26421,54
38.131,-7750,-26005,54
38.141,-7792,-25942,54
38.151,-7782,-25961,54
38.161,-7786,-25944,54
38.1709,-7776,-25962,54
38.181,-7782,-25966,54
38.1909,-7791,-25962,54
38.201,-7772,-25954,54
38.2111,-7792,-25954,54
38.2208,-7763,-25953,54
38.2309,-7784,-25950,54
38.2409,-7782,-25956,54
38.2509,-7798,-25951,54
38.261,-7780,-25954,54
38.2708,-7638,-26329,55
38.2811,-3804,-30238,55
38.291,-6692,-27613,55
38.3009,-4418,-29869,55
38.3108,-6122,-28917,55
38.3208,-5087,-29404,55
38.331,-5513,-29029,55
38.3723,-5100,-29102,55
38.3747,-5216,-29299,55
38.3755,-5208,-29299,55
38.3762,-5269,-29248,55
38.3809,-5271,-29245,55
38.3942,-5258,-29238,55
38.4009,-5222,-29288,55
38.4109,-5257,-29264,55
38.4208,-5261,-29261,55
38.4309,-5234,-29277,55
38.441,-5250,-29260,55
38.4509,-5245,-29266,55
38.4609,-5239,-29264,55
38.4708,-5071,-29488,56
38.4809,-2085,-31446,56
38.491,-4512,-29852,56
38.5009,-2575,-31021,56
38.511,-4003,-30231,56
38.5209,-3175,-30811,56
38.5309,-3548,-30545,56
38.541,-3385,-30649,56
38.5509,-3482,-30595,56
38.561,-3422,-30624,56
38.5708,-3422,-30637,56
38.581,-3466,-30617,56
38.5909,-3453,-30621,56
38.6009,-3430,-30632,56
38.6109,-3461,-30620,56
38.6209,-3445,-30622,56
38.6309,-3442,-30616,56
38.641,-3438,-30613,56
38.6509,-3454,-30615,56
38.6609,-3444,-30620,56
38.671,-3245,-30858,57
38.681,1255,-32272,57
38.6909,-1300,-31591,57
38.7009,-995,-32089,57
38.7109,-508,-32240,57
38.7208,-1012,-32034,57
38.731,-2010,-31503,57
38.7409,-1454,-31826,57
38.7509,-1815,-31696,57
38.7609,-1752,-31627,57
38.7708,-1645,-31706,57
38.781,-1716,-31681,57
38.7908,-1711,-31675,57
38.801,-1672,-31707,57
38.811,-1686,-31702,57
38.8209,-1703,-31680,57
38.831,-1708,-31692,57
38.841,-1692,-31694,57
38.851,-1677,-31696,57
38.8609,-1683,-31687,57
38.8709,-1579,-31835,58
38.881,3784,-31949,58
38.891,438,-32272,58
38.901,2801,-32223,58
38.9109,1283,-32272,58
38.9208,2327,-32261,58
38.931,1491,-32272,58
38.941,2115,-32271,58
38.9509,1828,-32272,58
38.961,1746,-32271,58
38.9709,1852,-32272,58
38.9809,1726,-32272,58
38.991,1800,-32272,58
39.0008,1794,-32272,58
39.0262,1780,-32271,58
39.0343,1796,-32271,58
39.0352,1799,-32272,58
39.0408,1783,-32272,58
39.0509,1794,-32272,58
39.061,1800,-32271,58
39.0708,3055,-32262,59
39.081,4440,-31929,59
39.0909,3352,-32256,59
39.1008,4456,-31938,59
39.1109,3301,-32271,59
39.1209,4433,-31998,59
39.1309,3748,-32240,59
39.1408,4097,-32122,59
39.151,3953,-32170,59
39.1609,3982,-32159,59
39.1708,4012,-32163,59
39.181,3976,-32166,59
39.1909,4004,-32157,59
39.2009,4003,-32165,59
39.2109,3986,-32173,59
39.2208,3996,-32158,59
39.2309,3990,-32171,59
39.2408,3997,-32163,59
39.2509,3995,-32172,59
39.2607,3996,-32161,59
39.2708,5277,-31532,60
39.2809,8301,-29102,60
39.291,5547,-31282,60
39.301,5842,-31071,60
39.3109,6349,-30710,60
39.3208,5918,-31138,60
39.3309,5528,-31277,60
39.341,5597,-31218,60
39.3509,5574,-31211,60
39.3609,5520,-31256,60
39.3708,5563,-31211,60
39.381,5543,-31235,60
39.3908,5535,-31245,60
39.4008,5541,-31230,60
39.4109,5570,-31238,60
39.4208,5548,-31229,60
39.4309,5568,-31234,60
39.4408,5562,-31233,60
39.451,5560,-31245,60
39.461,5557,-31231,60
39.4708,6794,-30560,61
39.4808,10583,-25966,61
39.491,7960,-29788,61
39.5009,9785,-28789,61
39.5109,9320,-28149,61
39.5209,9000,-28575,61
39.5309,8974,-28648,61
39.5409,9280,-28249,61
39.551,8844,-28794,61
39.5608,9110,-28475,61
39.5709,8966,-28565,61
39.581,8960,-28623,61
39.591,9020,-28559,61
39.601,9012,-28595,61
39.611,8993,-28597,61
39.6208,9036,-28582,61
39.631,9009,-28595,61
39.641,8997,-28590,61
39.6511,9000,-28590,61
39.6608,9009,-28586,61
39.6709,10397,-26647,62
39.6809,11025,-25464,62
39.691,10760,-24842,62
39.7008,10381,-26599,62
39.711,11024,-25497,62
39.7209,10692,-26076,62
39.731,10800,-25923,62
39.7409,10785,-25935,62
39.7509,10811,-25897,62
39.761,10756,-25983,62
39.7708,10785,-25923,62
39.781,10804,-25909,62
39.791,10774,-25943,62
39.801,10789,-25923,62
39.8108,10799,-25925,62
39.8209,10773,-25927,62
39.8309,10792,-25943,62
39.841,10778,-25935,62
39.8509,10788,-25937,62
39.8608,10797,-25936,62
39.8711,11968,-23893,63
39.881,13955,-19672,63
39.8908,11731,-24337,63
39.9009,12731,-22166,63
39.9109,13530,-19775,63
39.9208,13348,-20369,63
39.9308,13503,-19904,63
39.9409,13422,-20165,63
39.9509,13531,-19885,63
39.9607,13470,-19997,63
39.9708,13466,-20047,63
39.9809,13501,-19938,63
39.9909,13473,-19996,63
40.0009,13477,-20016,63
40.0108,13486,-19999,63
40.0208,13462,-19976,63
40.0309,13478,-19991,63
40.0409,13492,-19997,63
40.0508,13495,-19994,63
40.0609,13475,-20001,63
40.0708,14228,-17136,64
40.0809,14097,-17671,64
40.0908,14573,-15329,64
40.1009,14331,-16577,64
40.1109,14436,-16151,64
40.1209,14491,-15826,64
40.1308,14410,-15991,64
40.1409,14441,-16087,64
40.1509,14493,-15967,64
40.1609,14445,-16087,64
40.1708,14459,-16027,64
40.181,14445,-16037,64
40.1909,14446,-16051,64
40.2009,14455,-16046,64
40.2109,14466,-16027,64
40.2209,14476,-16039,64
40.2309,14447,-16044,64
40.241,14457,-16035,64
40.2509,14472,-16030,64
40.2609,14475,-16038,64
40.2708,15321,-10370,65
40.2809,14851,-13938,65
40.2909,15242,-11220,65
40.3009,14969,-13197,65
40.311,15094,-12387,65
40.3209,15029,-12754,65
40.3308,15076,-12578,65
40.3408,15018,-12923,65
40.3509,15065,-12690,65
40.3608,15027,-12838,65
40.3708,15035,-12793,65
40.3808,15032,-12781,65
40.3909,15053,-12807,65
40.4008,15041,-12809,65
40.4108,15047,-12789,65
40.4206,15043,-12802,65
40.4308,15037,-12806,65
40.4407,15053,-12802,65
40.4508,15043,-12799,65
40.4607,15038,-12805,65
40.4707,15635,-5563,66
40.4808,15715,-3770,66
40.4907,15365,-10182,66
40.5008,15642,-5387,66
40.5107,15681,-4201,66
40.5208,15670,-5111,66
40.5308,15638,-5444,66
40.5408,15653,-5280,66
40.5508,15660,-5401,66
40.5607,15638,-5332,66
40.5707,15637,-5374,66
40.5808,15659,-5343,66
40.5908,15667,-5365,66
40.6008,15652,-5361,66
40.6108,15649,-5359,66
40.6207,15644,-5360,66
40.6308,15657,-5352,66
40.6408,15647,-5366,66
40.6507,15653,-5361,66
40.6608,15658,-5363,67
40.6707,15555,2755,67
40.6807,15762,-2275,67
40.6907,15602,2228,67
40.7006,15750,-1828,67
40.7106,15626,2071,67
40.7206,15735,-660,67
40.7307,15681,1274,67
40.7407,15710,134,67
40.7507,15686,823,67
40.7606,15698,470,67
40.7707,15700,528,67
40.7807,15703,625,67
40.7906,15695,570,67
40.8008,15695,562,67
40.8108,15693,597,67
40.8208,15706,582,67
40.8308,15700,585,67
40.8407,15696,580,67
40.8508,15694,575,67
40.8608,15708,587,68
40.8708,15155,7004,68
40.881,15549,3467,68
40.8908,15306,6729,68
40.9008,15524,4045,68
40.911,15425,4999,68
40.9208,15419,5071,68
40.931,15432,4885,68
40.9408,15434,4930,68
40.9509,15428,5013,68
40.961,15424,4912,68
40.9708,15418,4953,68
40.9808,15418,4965,68
40.9908,15436,4941,68
41.0009,15422,4950,68
41.011,15415,4959,68
41.0208,15438,4954,68
41.031,15429,4946,68
41.0408,15425,4946,68
41.0508,15433,4959,68
41.0608,15435,4947,69
41.0708,14322,12022,69
41.081,14191,10829,69
41.0908,14934,8540,69
41.1008,14380,11581,69
41.111,14467,11139,69
41.1208,14822,9073,69
41.1308,14814,9143,69
41.1408,14871,8623,69
41.1509,14827,9135,69
41.161,14856,8856,69
41.1708,14852,8895,69
41.1809,14836,8985,69
41.1908,14868,8882,69
41.2009,14861,8911,69
41.2109,14870,8943,69
41.2209,14836,8931,69
41.231,14864,8914,69
41.2408,14862,8915,69
41.2509,14847,8921,69
41.2609,14842,8925,70
41.2708,12896,21219,70
41.281,14024,13644,70
41.2908,12154,20035,70
41.301,13813,14536,70
41.3109,12457,19301,70
41.3208,13580,15636,70
41.331,12824,18301,70
41.3408,13359,16523,70
41.351,13056,17625,70
41.361,13224,17034,70
41.3709,13157,17288,70
41.381,13131,17256,70
41.3908,13157,17178,70
41.401,13174,17222,70
41.411,13155,17244,70
41.4208,13178,17214,70
41.431,13167,17229,70
41.4408,13174,17231,70
41.451,13160,17233,70
41.4608,13159,17262,71
41.4708,10428,24528,71
41.481,12669,18918,71
41.4908,10936,23376,71
41.501,12205,20275,71
41.5109,11568,21936,71
41.5208,11683,21323,71
41.531,11610,21823,71
41.5408,11710,21599,71
41.551,11640,21784,71
41.5608,11680,21659,71
41.5708,11659,21699,71
41.581,11627,21718,71
41.5908,11639,21704,71
41.6009,11651,21700,71
41.6109,11653,21704,71
41.6208,11649,21710,71
41.6308,11668,21687,71
41.6408,11663,21702,71
41.6509,11669,21703,71
41.6608,11641,21775,72
41.6708,7863,28991,72
41.6809,9475,26664,72
41.6908,10703,24173,72
41.7009,9640,26288,72
41.7108,9829,25697,72
41.7208,10505,24543,72
41.7309,10179,25194,72
41.7408,10363,24808,72
41.751,10300,24956,72
41.7609,10313,24963,72
41.7708,10333,24924,72
41.7809,10325,24910,72
41.7909,10317,24944,72
41.801,10310,24922,72
41.811,10336,24906,72
41.8208,10321,24930,72
41.8309,10334,24926,72
41.8408,10343,24932,72
41.851,10323,24918,72
41.861,10302,24987,73
41.8708,4383,32588,73
41.881,8583,28190,73
41.8908,5070,32243,73
41.901,8085,29160,73
41.9109,5821,31544,73
41.9208,7542,29513,73
41.9308,6217,31105,73
41.9408,7083,30051,73
41.9509,6680,30571,73
41.9609,6872,30325,73
41.9707,6781,30444,73
41.9808,6809,30415,73
41.9908,6835,30386,73
42.0008,6805,30414,73
42.0107,6824,30397,73
42.0207,6809,30392,73
42.0309,6814,30404,73
42.0408,6822,30411,73
42.0509,6800,30397,73
42.0609,6779,30524,74
42.0709,2795,32608,74
42.081,5934,32340,74
42.091,4095,32608,74
42.101,5006,32541,74
42.111,4252,32608,74
42.1208,4874,32604,74
42.131,4463,32608,74
42.141,4657,32608,74
42.151,4642,32608,74
42.161,4569,32608,74
42.1709,4598,32608,74
42.181,4616,32608,74
42.191,4590,32608,74
42.2009,4607,32608,74
42.211,4613,32608,74
42.2209,4600,32608,74
42.231,4600,32608,74
42.241,4595,32608,74
42.251,4586,32608,74
42.261,4538,32608,75
42.2709,-520,32608,75
42.2808,2365,32608,75
42.291,2431,32608,75
42.3008,1041,32608,75
42.311,-91,32608,75
42.3208,601,32608,75
42.3309,117,32608,75
42.341,192,32608,75
42.351,329,32608,75
42.3609,232,32608,75
42.3709,240,32608,75
42.381,294,32608,75
42.3908,242,32608,75
42.4008,242,32608,75
42.4109,249,32608,75
42.4208,256,32608,75
42.431,270,32608,75
42.4408,262,32608,75
42.4508,246,32608,75
42.4609,178,32608,76
42.4709,-2722,32608,76
42.4808,-1125,32608,76
42.491,-2646,32608,76
42.501,-1417,32608,76
42.5109,-2445,32608,76
42.5209,-1821,32608,76
42.5308,-2096,32608,76
42.5408,-2023,32608,76
42.5508,-2007,32608,76
42.5607,-2033,32608,76
42.5707,-2017,32608,76
42.5809,-2042,32608,76
42.5908,-2052,32608,76
42.6008,-2038,32608,76
42.611,-2017,32608,76
42.6209,-2044,32608,76
42.6309,-2024,32608,76
42.6409,-2022,32608,76
42.651,-2030,32608,76
42.6609,-3051,32608,77
42.6708,-5197,32608,77
42.681,-3564,32608,77
42.691,-4794,32608,77
42.701,-3587,32608,77
42.711,-4475,32608,77
42.721,-3934,32608,77
42.731,-4101,32608,77
42.741,-4051,32608,77
42.751,-4013,32608,77
42.761,-4076,32608,77
42.7708,-4044,32608,77
42.781,-4030,32608,77
42.791,-4052,32608,77
42.801,-4055,32608,77
42.8109,-4041,32608,77
42.8208,-4028,32608,77
42.831,-4052,32608,77
42.841,-4058,32608,77
42.851,-4041,32608,77
42.861,-4989,32608,78
42.8709,-9905,31408,78
42.881,-6232,32608,78
42.891,-6987,32608,78
42.901,-8470,32608,78
42.911,-8249,32608,78
42.9209,-8030,32608,78
42.931,-8184,32608,78
42.941,-8134,32608,78
42.951,-8141,32608,78
42.961,-8146,32608,78
42.9709,-8163,32608,78
42.981,-8161,32608,78
42.991,-8139,32608,78
43.001,-8149,32608,78
43.011,-8141,32608,78
43.0208,-8152,32608,78
43.031,-8151,32608,78
43.041,-8153,32608,78
43.051,-8135,32608,78
43.061,-9187,32430,79
43.0709,-11291,29471,79
43.081,-9921,31567,79
43.0908,-10329,31023,79
43.101,-10785,30407,79
43.111,-10623,30613,79
43.121,-10745,30476,79
43.1309,-10737,30485,79
43.141,-10805,30387,79
43.151,-10707,30511,79
43.161,-10780,30435,79
43.1709,-10762,30440,79
43.181,-10759,30472,79
43.1909,-10766,30446,79
43.201,-10766,30453,79
43.211,-10750,30446,79
43.2208,-10745,30452,79
43.231,-10768,30447,79
43.2408,-10765,30437,79
43.2508,-10755,30455,79
43.2609,-11582,29392,80
43.2709,-13029,26273,80
43.2808,-12360,27884,80
