time [s],magangle,magx,magy,step_count,Unnamed: 5,step_mod6
0.240815,352.064,12348,-23562,3,,3
0.250832,351.731,12337,-23580,3,,3
0.440816,11.7766,14566,-16288,4,,4
0.45083,11.9737,14565,-16236,4,,4
0.640818,18.2894,15159,-12880,5,,5
0.650848,18.2894,15183,-12863,5,,5
0.84084,24.4195,15680,-8190,6,,6
0.85084,24.4195,15681,-8180,6,,6
1.03114,36.2144,15884,613,7,,7
1.04107,36.2144,15878,541,7,,7
1.0512,36.2144,15885,504,7,,7
1.24106,42.6831,15623,5055,8,,8
1.25108,42.6831,15619,5065,8,,8
1.43116,47.5612,15109,9046,9,,9
1.44117,47.5612,15091,9035,9,,9
1.45115,47.5612,15077,9002,9,,9
1.64112,69.254,13327,17426,10,,10
1.65117,69.0403,13350,17357,10,,10
1.83115,77.2221,11270,21314,11,,11
1.84118,77.2221,11285,21275,11,,11
1.85102,77.2221,11283,21291,11,,11
2.03097,100.107,8169,27704,12,,12
2.04119,100.107,8166,27700,12,,12
2.05109,100.107,8145,27739,12,,12
2.23102,105.889,6546,29777,13,,13
2.2411,105.889,6543,29764,13,,13
2.25117,105.889,6544,29734,13,,13
2.43092,113.913,4462,32608,14,,14
2.44118,113.913,4450,32608,14,,14
2.45122,113.913,4457,32608,14,,14
2.63117,136.25,296,32608,15,,15
2.64107,137.5,227,32608,15,,15
2.65116,137.5,236,32608,15,,15
2.84119,143.104,-2003,32608,16,,16
2.85119,143.104,-1986,32608,16,,16
3.04117,148.276,-4120,32608,17,,17
3.05093,148.276,-4126,32608,17,,17
3.23101,155.143,-6610,32608,18,,18
3.2412,155.143,-6593,32608,18,,18
3.2512,155.143,-6597,32608,18,,18
3.43109,164.727,-10623,30354,19,,19
3.44116,164.727,-10627,30350,19,,19
3.63103,169.091,-12259,27780,20,,20
3.64108,169.091,-12258,27787,20,,20
3.82112,185.081,-14611,21155,21,,21
3.83113,185.081,-14602,21183,21,,21
3.8412,185.081,-14609,21150,21,,21
4.02108,190.918,-15436,16917,22,,22
4.03111,190.918,-15449,16935,22,,22
4.04113,190.918,-15430,16995,22,,22
4.22123,196.367,-16106,11791,23,,23
4.23114,196.367,-16098,11744,23,,23
4.24102,196.367,-16082,11725,23,,23
4.42108,206.911,-16210,3301,24,,24
4.43105,207.104,-16196,3223,24,,24
4.44112,207.104,-16191,3213,24,,24
4.62121,220.448,-15871,-891,25,,25
4.63099,220.317,-15873,-839,25,,25
4.64112,220.317,-15884,-838,25,,25
4.82123,225.462,-15260,-5400,26,,26
4.83108,225.33,-15284,-5338,26,,26
4.84114,225.33,-15289,-5315,26,,26
5.02123,238.683,-13528,-13911,27,,27
5.03118,238.683,-13562,-13893,27,,27
5.0412,238.505,-13575,-13835,27,,27
5.23089,252.806,-12290,-17587,28,,28
5.24119,253.165,-12250,-17644,28,,28
5.42107,261.0,-10945,-20976,29,,29
5.43109,260.667,-10960,-20915,29,,29
5.44108,261.0,-10953,-20934,29,,29
5.63112,266.667,-9212,-23991,30,,30
5.64111,267.0,-9203,-24022,30,,30
5.82104,281.143,-5555,-28971,31,,31
5.83097,281.143,-5636,-28870,31,,31
5.84111,281.143,-5562,-28955,31,,31
6.02118,285.715,-3774,-30191,32,,32
6.03113,285.715,-3791,-30167,32,,32
6.04117,286.286,-3768,-30195,32,,32
6.2212,300.435,-1086,-31840,33,,33
6.23098,300.435,-1092,-31852,33,,33
6.24108,300.435,-1074,-31845,33,,33
6.42115,310.0,1548,-32045,34,,34
6.43091,309.13,1374,-32052,34,,34
6.4411,309.13,1423,-32042,34,,34
6.62114,315.0,3640,-31814,35,,35
6.63097,315.0,3600,-31839,35,,35
6.64122,315.0,3615,-31836,35,,35
6.83104,327.273,7105,-29629,36,,0
6.84097,327.273,7126,-29612,36,,0
7.0211,340.076,8584,-28339,37,,1
7.03093,340.076,8605,-28325,37,,1
7.22114,345.994,10426,-25682,38,,2
7.23107,346.449,10432,-25659,38,,2
7.42108,357.724,13113,-19869,39,,3
7.43092,357.724,13118,-19853,39,,3
7.62116,11.5789,14137,-15962,40,,4
7.63106,11.5789,14161,-15929,40,,4
7.82109,17.8946,14771,-12716,41,,5
7.83098,18.0923,14792,-12658,41,,5
8.01094,24.1519,15298,-8144,42,,6
8.02104,24.286,15309,-8085,42,,6
8.03106,24.286,15294,-8066,42,,6
8.2212,36.2144,15570,570,43,,7
8.23109,36.0001,15585,521,43,,7
8.42095,42.5438,15364,4822,44,,8
8.43093,42.5438,15351,4850,44,,8
8.62107,47.2822,14968,8756,45,,9
8.631,47.4214,14947,8816,45,,9
8.82121,68.4008,13362,16893,46,,10
8.83099,68.8271,13317,17099,46,,10
9.02121,76.1111,11844,21348,47,,11
9.03108,76.389,11839,21384,47,,11
9.22114,94.7621,8794,27837,48,,12
9.23113,94.7621,8757,27868,48,,12
9.42116,104.604,7102,30024,49,,13
9.4311,104.604,7144,29987,49,,13
9.621,112.174,4912,32557,50,,14
9.63106,112.174,4946,32530,50,,14
9.82115,135.0,670,32608,51,,15
9.83105,135.0,712,32608,51,,15
10.0211,142.529,-1592,32608,52,,16
10.0309,142.529,-1592,32608,52,,16
10.2211,147.126,-3687,32608,53,,17
10.231,147.126,-3662,32608,53,,17
10.401,153.428,-6008,32608,54,,18
10.4109,153.428,-6067,32608,54,,18
10.4211,153.428,-6054,32608,54,,18
10.6011,164.0,-10193,30351,55,,19
10.6109,164.727,-10412,30046,55,,19
10.6212,164.364,-10299,30189,55,,19
10.8011,168.727,-12013,27492,56,,20
10.811,169.091,-12073,27436,56,,20
10.8211,169.091,-12036,27440,56,,20
11.0109,180.598,-13364,24111,57,,21
11.0211,180.598,-13340,24192,57,,21
11.2009,190.8,-15269,16930,58,,22
11.2109,190.681,-15259,17045,58,,22
11.2211,190.918,-15292,16843,58,,22
11.411,196.367,-15943,11668,59,,23
11.4211,196.367,-15948,11663,59,,23
11.601,207.104,-16100,3263,60,,24
11.6109,207.104,-16088,3189,60,,24
11.6211,207.104,-16072,3160,60,,24
11.801,220.448,-15867,-889,61,,25
11.811,220.317,-15872,-843,61,,25
11.821,220.317,-15861,-809,61,,25
12.0011,225.33,-15242,-5281,62,,26
12.011,225.33,-15247,-5267,62,,26
12.0211,225.198,-15270,-5245,62,,26
12.211,238.328,-13556,-13735,63,,27
12.2211,238.149,-13577,-13666,63,,27
12.4011,252.446,-12292,-17452,64,,28
12.4108,252.446,-12318,-17366,64,,28
12.4211,252.446,-12326,-17385,64,,28
12.6076,260.333,-11048,-20721,65,,29
12.6119,260.333,-11034,-20750,65,,29
12.6151,260.667,-11011,-20771,65,,29
12.6209,260.333,-11030,-20712,65,,29
12.8011,266.667,-9281,-23840,66,,30
12.8109,266.333,-9307,-23793,66,,30
12.8211,266.333,-9309,-23789,66,,30
13.0011,280.572,-5601,-28673,67,,31
13.011,280.572,-5699,-28578,67,,31
13.0212,280.572,-5651,-28630,67,,31
13.2012,285.715,-3831,-30078,68,,32
13.2109,285.715,-3861,-30052,68,,32
13.2211,285.715,-3863,-30046,68,,32
13.411,303.044,-357,-31913,69,,33
13.4211,303.044,-346,-31911,69,,33
13.6011,309.13,1389,-31985,70,,34
13.611,309.13,1427,-32015,70,,34
13.6212,309.13,1451,-32063,70,,34
13.801,315.625,3847,-32005,71,,35
13.811,315.625,3816,-32005,71,,35
13.9911,328.182,7334,-29689,72,,0
14.0011,328.182,7367,-29680,72,,0
14.011,328.182,7317,-29713,72,,0
14.1911,340.531,8856,-28341,73,,1
14.2011,340.531,8835,-28383,73,,1
14.211,340.531,8855,-28365,73,,1
14.4011,346.449,10611,-25717,74,,2
14.4109,346.904,10638,-25688,74,,2
14.5911,358.391,13343,-19768,75,,3
14.6011,358.391,13330,-19771,75,,3
14.611,358.391,13320,-19822,75,,3
14.8011,11.9737,14299,-15899,76,,4
14.8109,11.9737,14316,-15863,76,,4
14.9911,18.4871,14901,-12551,77,,5
15.0011,18.2894,14889,-12606,77,,5
15.011,18.4871,14909,-12575,77,,5
15.2011,24.4195,15377,-8008,78,,6
15.211,24.4195,15390,-7948,78,,6
15.401,36.2144,15625,548,79,,7
15.411,36.4287,15640,652,79,,7
15.6011,42.6831,15390,4973,80,,8
15.6109,42.6831,15399,5005,80,,8
15.8011,47.5612,14860,8916,81,,9
15.811,47.5612,14867,8910,81,,9
15.9911,69.0403,13181,17322,82,,10
16.0011,69.0403,13203,17028,82,,10
16.0109,69.254,13152,17239,82,,10
16.2011,76.6669,11681,21455,83,,11
16.211,76.6669,11616,21519,83,,11
16.4011,97.1427,8529,27951,84,,12
16.4109,99.5239,8509,27993,84,,12
16.5911,105.246,6842,30189,85,,13
16.6011,105.246,6865,30172,85,,13
16.6109,105.246,6887,30160,85,,13
16.7911,113.043,4661,32601,86,,14
16.8011,113.043,4663,32603,86,,14
16.811,113.043,4684,32595,86,,14
17.001,136.25,383,32608,87,,15
17.011,136.25,362,32608,87,,15
17.2011,143.104,-1888,32608,88,,16
17.211,143.104,-1898,32608,88,,16
17.3809,147.701,-3895,32608,89,,17
17.3911,147.701,-3934,32608,89,,17
17.4011,147.701,-3928,32608,89,,17
17.5811,154.286,-6318,32608,90,,18
17.5911,154.286,-6368,32608,90,,18
17.6011,154.286,-6370,32608,90,,18
17.7811,164.364,-10397,30262,91,,19
17.7911,165.091,-10579,30040,91,,19
17.8011,164.727,-10547,30096,91,,19
17.9811,169.091,-12170,27525,92,,20
17.9911,169.091,-12202,27459,92,,20
18.0011,169.091,-12196,27469,92,,20
18.1911,180.847,-13493,24120,93,,21
18.2011,181.096,-13519,24026,93,,21
18.3811,190.8,-15345,17022,94,,22
18.3911,190.918,-15382,16993,94,,22
18.401,191.037,-15390,16732,94,,22
18.591,196.486,-16020,11552,95,,23
18.601,196.486,-16005,11549,95,,23
18.7814,207.104,-16112,3178,96,,24
18.7909,207.297,-16117,3088,96,,24
18.8009,207.297,-16116,3046,96,,24
18.9811,220.581,-15854,-1004,97,,25
18.9911,220.448,-15860,-927,97,,25
19.0011,220.448,-15863,-930,97,,25
19.1811,225.594,-15255,-5500,98,,26
19.1911,225.462,-15252,-5412,98,,26
19.2011,225.462,-15270,-5406,98,,26
19.3809,239.039,-13436,-14033,99,,27
19.3912,238.861,-13462,-13978,99,,27
19.4011,238.861,-13466,-13976,99,,27
19.5812,225.462,-15258,-5400,98,,26
19.5912,225.462,-15252,-5477,98,,26
19.6011,225.33,-15257,-5329,98,,26
19.7909,220.448,-15839,-947,97,,25
19.8009,220.448,-15850,-942,97,,25
19.9811,200.0,-16166,7898,96,,24
19.9911,200.0,-16168,7904,96,,24
20.0012,200.0,-16173,7943,96,,24
20.1909,196.367,-15936,11583,95,,23
20.201,196.486,-15954,11584,95,,23
20.3809,190.918,-15315,16837,94,,22
20.3911,190.8,-15296,16973,94,,22
20.4011,190.918,-15323,16874,94,,22
20.5809,180.847,-13426,24027,93,,21
20.5912,180.847,-13424,24157,93,,21
20.601,180.847,-13413,24145,93,,21
20.7813,169.091,-12064,27518,92,,20
20.7912,169.091,-12103,27460,92,,20
20.8041,169.091,-12091,27458,92,,20
20.981,164.727,-10459,30073,91,,19
20.9912,164.727,-10419,30132,91,,19
21.181,159.428,-7844,32576,90,,18
21.1911,159.428,-7850,32576,90,,18
21.3811,147.126,-3709,32608,89,,17
21.3911,147.701,-3852,32576,89,,17
21.5711,143.104,-1791,32608,88,,16
21.5811,142.529,-1746,32608,88,,16
21.5911,142.529,-1732,32608,88,,16
21.781,135.0,525,32608,87,,15
21.7911,135.0,561,32608,87,,15
21.9711,113.043,4679,32594,86,,14
21.9811,112.174,4852,32429,86,,14
21.9911,113.043,4816,32524,86,,14
22.1809,105.246,7008,30069,85,,13
22.1911,104.604,7052,30041,85,,13
22.3711,82.0223,10457,24640,84,,12
22.3811,82.0223,10458,24652,84,,12
22.3911,82.0223,10440,24673,84,,12
22.5711,76.389,11741,21312,83,,11
22.5809,76.389,11741,21385,83,,11
22.5911,76.389,11757,21327,83,,11
22.7712,68.614,13255,16897,82,,10
22.7809,68.8271,13224,17024,82,,10
22.7909,68.8271,13233,17017,82,,10
22.972,47.2822,14900,8710,81,,9
22.981,47.5612,14889,8855,81,,9
22.9912,47.4214,14863,8823,81,,9
23.1712,42.5438,15357,4887,80,,8
23.1811,42.5438,15349,4848,80,,8
23.1911,42.5438,15353,4830,80,,8
23.3809,36.2144,15587,460,79,,7
23.3911,36.2144,15602,531,79,,7
23.5808,27.6338,15505,-5142,78,,6
23.5909,27.6338,15518,-5119,78,,6
23.781,18.2894,14778,-12522,77,,5
23.7912,17.8946,14746,-12710,77,,5
23.9809,11.7766,14149,-15871,76,,4
23.9911,11.5789,14151,-15897,76,,4
24.1813,358.058,13150,-19798,75,,3
24.1909,357.724,13123,-19847,75,,3
24.3712,345.994,10369,-25768,74,,2
24.3811,346.449,10470,-25550,74,,2
24.3912,345.994,10412,-25712,74,,2
24.5712,340.531,8628,-28312,73,,1
24.5809,340.531,8635,-28334,73,,1
24.5911,340.531,8655,-28313,73,,1
24.7712,319.375,5209,-30947,72,,0
24.7809,319.375,5215,-30971,72,,0
24.9711,315.0,3679,-31843,71,,35
24.9809,315.0,3694,-31848,71,,35
25.1709,310.0,1543,-32008,70,,34
25.1809,310.0,1502,-32031,70,,34
25.3712,290.0,-1984,-31359,69,,33
25.3809,292.941,-1928,-31431,69,,33
25.5711,286.286,-3695,-30138,68,,32
25.5809,286.286,-3690,-30177,68,,32
25.7709,281.143,-5474,-28877,67,,31
25.7808,281.143,-5497,-28843,67,,31
25.9712,269.667,-8037,-25481,66,,30
25.981,269.667,-8060,-25515,66,,30
26.1712,261.0,-10903,-20893,65,,29
26.181,261.0,-10895,-20943,65,,29
26.3712,253.165,-12203,-17648,64,,28
26.381,253.165,-12183,-17610,64,,28
26.5708,238.505,-13532,-13855,63,,27
26.581,238.683,-13514,-13874,63,,27
26.7609,225.594,-15199,-5523,62,,26
26.7709,225.462,-15212,-5393,62,,26
26.7809,225.462,-15221,-5365,62,,26
26.9712,220.448,-15805,-927,61,,25
26.981,220.448,-15782,-866,61,,25
27.1709,199.921,-16111,7951,60,,24
27.181,199.921,-16104,7984,60,,24
27.3614,196.367,-15895,11636,59,,23
27.3709,196.367,-15916,11599,59,,23
27.3807,196.367,-15919,11601,59,,23
27.5712,190.8,-15243,16953,58,,22
27.5811,190.8,-15244,16844,58,,22
27.761,180.847,-13398,24046,57,,21
27.7709,180.598,-13344,24144,57,,21
27.7809,180.598,-13343,24130,57,,21
27.9712,169.091,-12037,27386,56,,20
27.9811,169.091,-12067,27413,56,,20
28.1711,164.364,-10352,30134,55,,19
28.181,164.727,-10370,30094,55,,19
28.3611,159.428,-7769,32576,54,,18
28.3711,159.428,-7767,32576,54,,18
28.381,159.428,-7738,32576,54,,18
28.5511,147.701,-3858,32576,53,,17
28.5609,147.126,-3651,32576,53,,17
28.5712,147.701,-3827,32576,53,,17
28.7609,142.529,-1668,32576,52,,16
28.771,142.529,-1648,32576,52,,16
28.9511,135.0,599,32576,51,,15
28.961,135.0,618,32576,51,,15
28.9712,135.0,637,32576,51,,15
29.1609,112.174,4943,32395,50,,14
29.1711,113.043,4810,32527,50,,14
29.361,104.604,7051,29987,49,,13
29.3712,104.604,7080,29938,49,,13
29.5511,82.0223,10503,24626,48,,12
29.5609,82.0223,10497,24612,48,,12
29.5712,82.0223,10474,24632,48,,12
29.7512,76.6669,11661,21410,47,,11
29.7611,76.6669,11659,21435,47,,11
29.7712,76.6669,11653,21406,47,,11
29.9511,68.614,13201,16835,46,,10
29.961,68.8271,13185,16918,46,,10
29.9712,68.8271,13179,16936,46,,10
30.1511,47.2822,14804,8654,45,,9
30.1608,47.4214,14802,8762,45,,9
30.1712,47.4214,14795,8764,45,,9
30.361,42.5438,15198,4781,44,,8
30.3712,42.404,15197,4735,44,,8
30.5511,35.7858,15413,358,43,,7
30.561,36.0001,15427,369,43,,7
30.5711,36.0001,15430,431,43,,7
30.751,27.9019,15375,-4852,42,,6
30.7609,27.9019,15365,-4866,42,,6
30.7712,27.9019,15371,-4853,42,,6
30.9511,17.8946,14633,-12724,41,,5
30.961,18.0923,14653,-12483,41,,5
30.9712,17.8946,14633,-12668,41,,5
31.1511,11.3818,13990,-15915,40,,4
31.161,11.3818,13998,-15859,40,,4
31.1711,11.5789,13998,-15856,40,,4
31.351,357.724,13010,-19732,39,,3
31.3609,357.724,13042,-19703,39,,3
31.3712,357.724,13008,-19785,39,,3
31.5609,346.449,10367,-25421,38,,2
31.5712,345.994,10300,-25521,38,,2
31.761,340.076,8524,-28124,37,,1
31.7712,340.076,8525,-28099,37,,1
31.9609,319.375,5137,-30742,36,,0
31.9711,319.375,5088,-30750,36,,0
32.1411,315.0,3568,-31583,35,,35
32.1511,315.0,3544,-31633,35,,35
32.1609,315.0,3557,-31613,35,,35
32.351,309.13,1453,-31807,34,,34
32.361,309.13,1419,-31779,34,,34
32.551,290.0,-2080,-31112,33,,33
32.5609,290.0,-2024,-31161,33,,33
32.7511,286.286,-3739,-29951,32,,32
32.7609,285.715,-3758,-29964,32,,32
32.9511,281.143,-5513,-28750,31,,31
32.9609,281.143,-5538,-28679,31,,31
33.1511,270.0,-7890,-25619,30,,30
33.1609,270.0,-7895,-25618,30,,30
33.3511,261.0,-10844,-20774,29,,29
33.3609,261.0,-10859,-20749,29,,29
33.5508,253.165,-12149,-17508,28,,28
33.5608,252.806,-12168,-17452,28,,28
33.741,238.683,-13436,-13783,27,,27
33.751,238.505,-13458,-13756,27,,27
33.7608,238.505,-13455,-13717,27,,27
33.9509,225.33,-15153,-5396,26,,26
33.9609,225.33,-15155,-5202,26,,26
34.151,220.448,-15710,-888,25,,25
34.1609,220.317,-15712,-855,25,,25
34.3511,199.921,-15990,7958,24,,24
34.361,199.921,-15979,7976,24,,24
34.5411,196.249,-15786,11624,23,,23
34.5511,196.367,-15783,11566,23,,23
34.5609,196.249,-15796,11604,23,,23
34.751,190.681,-15111,16930,22,,22
34.761,190.8,-15130,16838,22,,22
34.9411,180.598,-13266,23953,21,,21
34.9511,180.598,-13219,24076,21,,21
34.9609,180.598,-13221,24039,21,,21
35.1411,168.727,-11865,27331,20,,20
35.1511,168.727,-11922,27285,20,,20
35.161,168.727,-11887,27315,20,,20
35.3411,164.364,-10219,29937,19,,19
35.3511,164.364,-10190,29984,19,,19
35.3609,164.364,-10215,29952,19,,19
35.5511,158.571,-7621,32608,18,,18
35.561,159.428,-7655,32608,18,,18
35.7509,147.126,-3672,32576,17,,17
35.761,147.126,-3589,32576,17,,17
35.931,142.529,-1624,32576,16,,16
35.9411,142.529,-1569,32576,16,,16
35.9511,142.529,-1606,32576,16,,16
36.1411,135.0,663,32576,15,,15
36.1511,135.0,673,32576,15,,15
36.331,113.043,4668,32438,14,,14
36.3411,112.174,4983,32223,14,,14
36.3511,112.174,4874,32338,14,,14
36.5311,104.604,7061,29790,13,,13
36.5411,104.604,7061,29819,13,,13
36.5511,104.604,7117,29757,13,,13
36.731,82.0223,10478,24428,12,,12
36.7411,82.0223,10474,24457,12,,12
36.7511,82.0223,10461,24468,12,,12
36.9311,76.389,11719,21146,11,,11
36.9411,76.1111,11748,21115,11,,11
36.9511,76.1111,11750,21074,11,,11
37.131,68.4008,13229,16675,10,,10
37.1412,68.614,13168,16834,10,,10
37.1511,68.614,13194,16792,10,,10
37.3311,47.2822,14798,8596,9,,9
37.3411,47.4214,14779,8738,9,,9
37.351,47.2822,14780,8638,9,,9
37.531,42.5438,15279,4813,8,,8
37.5411,42.5438,15259,4814,8,,8
37.5511,42.404,15263,4774,8,,8
37.741,36.0001,15473,369,7,,7
37.751,36.0001,15457,447,7,,7
37.931,27.2321,15367,-5431,6,,6
37.9411,27.2321,15370,-5432,6,,6
37.9511,27.2321,15369,-5446,6,,6
38.1309,17.8946,14667,-12705,5,,5
38.1411,18.0923,14670,-12533,5,,5
38.151,17.8946,14654,-12681,5,,5
38.3309,11.3818,14020,-15892,4,,4
38.3411,11.5789,14007,-15842,4,,4
38.351,11.5789,14012,-15845,4,,4
38.541,357.724,13043,-19693,3,,3
38.5511,357.724,13005,-19740,3,,3
38.7309,345.994,10257,-25591,2,,2
38.7411,346.449,10362,-25405,2,,2
38.751,345.994,10270,-25547,2,,2
38.9309,340.076,8494,-28148,1,,1
38.941,340.076,8524,-28103,1,,1
38.9512,340.076,8538,-28103,1,,1
39.1211,319.375,5078,-30751,0,,0
39.1311,319.375,5120,-30738,0,,0
39.1411,319.375,5113,-30721,0,,0
39.3211,319.375,5104,-30732,-1,,35
39.3309,319.375,5081,-30719,-1,,35
39.3411,319.375,5087,-30743,-1,,35
39.5211,319.375,5094,-30718,0,,0
39.5311,319.375,5107,-30734,0,,0
39.5411,319.375,5085,-30728,0,,0
39.7211,340.076,8430,-28242,1,,1
39.731,340.531,8606,-28008,1,,1
39.7411,340.076,8498,-28148,1,,1
39.9211,345.994,10303,-25435,2,,2
39.931,345.994,10298,-25499,2,,2
39.9411,346.449,10344,-25443,2,,2
40.1211,358.058,13057,-19613,3,,3
40.1308,357.724,13037,-19720,3,,3
40.1411,357.724,13037,-19730,3,,3
40.3211,11.5789,14053,-15844,4,,4
40.3309,11.5789,14045,-15833,4,,4
40.3412,11.5789,14063,-15813,4,,4
40.5211,18.0923,14705,-12572,5,,5
40.5309,17.8946,14679,-12639,5,,5
40.5411,18.0923,14702,-12592,5,,5
40.7213,24.286,15191,-8037,6,,6
40.731,24.1519,15195,-8088,6,,6
40.741,24.286,15178,-8024,6,,6
40.9211,35.7858,15504,358,7,,7
40.9308,35.7858,15517,313,7,,7
40.9411,36.0001,15492,440,7,,7
41.1211,42.404,15325,4752,8,,8
41.131,42.404,15321,4721,8,,8
41.1413,42.404,15331,4776,8,,8
41.3211,47.4214,14929,8741,9,,9
41.3309,47.4214,14941,8763,9,,9
41.3411,47.2822,14960,8689,9,,9
41.5219,69.0403,13136,17120,10,,10
41.5309,68.614,13202,16881,10,,10
41.5409,68.8271,13186,16993,10,,10
41.7209,76.6669,11647,21392,11,,11
41.7309,76.389,11688,21339,11,,11
41.7411,76.6669,11656,21354,11,,11
41.9211,97.1427,8517,27949,12,,12
41.9309,97.1427,8510,27927,12,,12
41.9409,97.1427,8517,27950,12,,12
42.1211,105.246,6896,29990,13,,13
42.1309,105.246,6864,30014,13,,13
42.1411,105.246,6892,30010,13,,13
42.3212,113.043,4687,32495,14,,14
42.331,113.043,4652,32534,14,,14
42.5211,136.25,448,32576,15,,15
42.5309,136.25,463,32576,15,,15
42.711,142.529,-1774,32576,16,,16
42.7209,143.104,-1802,32576,16,,16
42.7309,143.104,-1812,32576,16,,16
42.9212,147.126,-3780,32576,17,,17
42.931,147.126,-3800,32576,17,,17
43.1211,154.286,-6176,32576,18,,18
43.1311,154.286,-6188,32576,18,,18
43.3109,164.364,-10260,30144,19,,19
43.3211,164.727,-10351,30002,19,,19
43.3309,164.727,-10354,29984,19,,19
43.5211,169.091,-12120,27575,20,,20
43.5309,169.091,-12130,27519,20,,20
43.7211,180.847,-13454,24179,21,,21
43.731,180.847,-13460,24138,21,,21
43.9112,190.918,-15334,16809,22,,22
43.9212,190.681,-15286,17069,22,,22
43.932,190.918,-15331,16903,22,,22
44.1212,196.367,-15970,11718,23,,23
44.1309,196.367,-15984,11675,23,,23
44.3209,207.104,-16113,3230,24,,24
44.3309,207.104,-16096,3145,24,,24
44.5212,220.448,-15787,-918,25,,25
44.531,220.448,-15812,-881,25,,25
44.7212,225.33,-15205,-5399,26,,26
44.731,225.33,-15209,-5313,26,,26
44.9211,238.683,-13467,-13874,27,,27
44.9309,238.505,-13491,-13795,27,,27
45.1212,253.165,-12179,-17547,28,,28
45.131,253.165,-12161,-17542,28,,28
45.3211,261.0,-10798,-20734,29,,29
45.3309,261.0,-10815,-20711,29,,29
45.5109,267.0,-9038,-23783,30,,30
45.5211,266.667,-9051,-23740,30,,30
45.5309,266.667,-9091,-23715,30,,30
45.7009,280.572,-5642,-28454,31,,31
45.7109,281.714,-5369,-28716,31,,31
45.7212,281.143,-5539,-28559,31,,31
45.901,286.286,-3686,-29931,32,,32
45.9109,286.286,-3658,-29964,32,,32
45.9209,286.286,-3665,-29939,32,,32
46.1011,290.0,-2051,-30954,33,,33
46.1109,290.0,-1970,-31014,33,,33
46.1211,290.0,-1993,-30992,33,,33
46.3011,309.13,1278,-31645,34,,34
46.3109,310.0,1409,-31632,34,,34
46.3212,309.13,1476,-31612,34,,34
46.5011,315.0,3425,-31229,35,,35
46.511,315.0,3432,-31217,35,,35
46.5212,315.0,3461,-31222,35,,35
46.7011,327.273,6859,-29108,36,,0
46.7109,327.273,6898,-29070,36,,0
46.7211,327.273,6889,-29076,36,,0
46.9009,340.076,8509,-28370,37,,1
46.9109,340.076,8499,-28375,37,,1
46.9211,340.076,8504,-28385,37,,1
47.1011,345.994,10423,-25926,38,,2
47.1109,345.994,10410,-25922,38,,2
47.1214,345.994,10420,-25957,38,,2
47.301,358.058,13401,-20131,39,,3
47.3109,357.724,13366,-20146,39,,3
47.3211,358.058,13376,-20135,39,,3
47.5011,11.5789,14380,-16167,40,,4
47.5109,11.5789,14374,-16157,40,,4
47.5209,11.7766,14376,-16158,40,,4
47.701,18.2894,15013,-12802,41,,5
47.7109,18.2894,15013,-12783,41,,5
47.7212,18.0923,14998,-12803,41,,5
47.9012,24.286,15475,-8152,42,,6
47.9111,24.286,15453,-8147,42,,6
47.9212,24.286,15458,-8144,42,,6
48.1011,36.2144,15735,530,43,,7
48.1109,35.7858,15727,366,43,,7
48.1211,36.0001,15713,440,43,,7
48.3011,42.5438,15472,4873,44,,8
48.3108,42.5438,15468,4869,44,,8
48.3212,42.5438,15489,4870,44,,8
48.501,47.5612,14970,8895,45,,9
48.5109,47.4214,14986,8883,45,,9
48.5211,47.4214,14993,8830,45,,9
48.701,69.254,13318,17419,46,,10
48.7109,68.4008,13477,16971,46,,10
48.7211,68.8271,13380,17122,46,,10
48.9012,76.389,11913,21547,47,,11
48.9109,76.389,11907,21531,47,,11
48.9212,76.389,11903,21528,47,,11
49.101,94.7621,8800,28104,48,,12
49.1109,94.7621,8818,28073,48,,12
49.1212,94.7621,8807,28097,48,,12
49.2912,104.604,7152,30250,49,,13
49.3011,104.604,7163,30241,49,,13
49.311,104.604,7181,30242,49,,13
49.4911,112.174,4896,32576,50,,14
49.5011,112.174,4926,32576,50,,14
49.5109,112.174,4910,32576,50,,14
49.7011,135.0,647,32576,51,,15
49.7109,135.0,649,32576,51,,15
49.8911,142.529,-1624,32576,52,,16
49.901,142.529,-1610,32576,52,,16
49.9109,142.529,-1615,32576,52,,16
50.1011,147.126,-3695,32576,53,,17
50.1109,147.126,-3694,32576,53,,17
50.301,154.286,-6135,32576,54,,18
50.3109,154.286,-6145,32576,54,,18
50.4912,164.364,-10435,30390,55,,19
50.5011,164.364,-10399,30447,55,,19
50.5109,164.727,-10470,30375,55,,19
50.7012,169.091,-12132,27726,56,,20
50.7116,169.091,-12139,27730,56,,20
50.901,180.598,-13484,24339,57,,21
50.911,180.598,-13491,24330,57,,21
51.0912,190.918,-15442,16881,58,,22
51.1011,190.681,-15380,17182,58,,22
51.1109,190.8,-15389,17087,58,,22
51.3009,196.367,-16068,11798,59,,23
51.311,196.249,-16081,11822,59,,23
51.4912,207.104,-16206,3224,60,,24
51.501,207.104,-16202,3252,60,,24
51.511,207.104,-16209,3249,60,,24
51.6912,220.317,-15989,-853,61,,25
51.7012,220.317,-15971,-855,61,,25
51.711,220.317,-15984,-862,61,,25
51.9009,225.462,-15384,-5409,62,,26
51.9109,225.33,-15380,-5384,62,,26
52.1011,238.683,-13652,-13990,63,,27
52.1109,238.505,-13673,-13962,63,,27
52.2912,252.806,-12356,-17739,64,,28
52.3011,252.806,-12360,-17757,64,,28
52.311,252.806,-12346,-17745,64,,28
52.4912,261.0,-11006,-21041,65,,29
52.5012,261.0,-10994,-21056,65,,29
52.5109,261.0,-10991,-21069,65,,29
52.6912,267.0,-9256,-24187,66,,30
52.7011,267.0,-9255,-24192,66,,30
52.7109,266.667,-9267,-24187,66,,30
52.9111,281.143,-5600,-29069,67,,31
52.9211,281.143,-5596,-29066,67,,31
53.0912,286.286,-3795,-30390,68,,32
53.101,285.715,-3804,-30404,68,,32
53.2912,290.0,-2059,-31616,69,,33
53.3012,290.0,-2051,-31616,69,,33
53.481,309.13,1356,-32236,70,,34
53.4912,309.13,1492,-32234,70,,34
53.503,309.13,1468,-32237,70,,34
53.6912,315.0,3648,-32080,71,,35
53.7012,315.0,3661,-32081,71,,35
53.8912,327.273,7170,-29812,72,,0
53.9011,327.273,7154,-29817,72,,0
54.0912,340.076,8663,-28533,73,,1
54.1011,340.076,8680,-28540,73,,1
54.2932,345.994,10442,-25902,74,,2
54.3009,345.994,10467,-25879,74,,2
54.4809,357.724,13211,-20014,75,,3
54.4912,357.724,13228,-19974,75,,3
54.5009,357.724,13224,-19982,75,,3
54.681,11.5789,14249,-16032,76,,4
54.6912,11.5789,14248,-16051,76,,4
54.701,11.5789,14240,-16052,76,,4
54.881,18.0923,14878,-12746,77,,5
54.8911,18.0923,14852,-12752,77,,5
54.9011,18.0923,14876,-12766,77,,5
55.081,24.286,15379,-8136,78,,6
55.0912,24.286,15381,-8166,78,,6
55.1012,24.1519,15375,-8170,78,,6
55.2811,36.0001,15722,467,79,,7
55.2912,35.7858,15709,338,79,,7
55.3012,36.2144,15722,498,79,,7
55.481,42.404,15502,4835,80,,8
55.4911,42.404,15522,4806,80,,8
55.501,42.404,15504,4814,80,,8
55.6811,47.4214,15005,8796,81,,9
55.691,47.4214,15012,8833,81,,9
55.701,47.4214,15019,8801,81,,9
55.8912,68.614,13405,16989,82,,10
55.9011,68.614,13387,17021,82,,10
56.081,76.1111,11912,21441,83,,11
56.0912,76.1111,11924,21445,83,,11
56.101,76.1111,11896,21444,83,,11
56.2911,94.7621,8825,27954,84,,12
56.301,94.7621,8819,27957,84,,12
56.4911,104.604,7215,30130,85,,13
56.501,104.604,7208,30133,85,,13
56.681,112.174,4975,32576,86,,14
56.6912,112.174,4940,32576,86,,14
56.7012,112.174,4940,32576,86,,14
56.8912,135.0,702,32576,87,,15
56.9009,135.0,699,32576,87,,15
57.0711,142.529,-1594,32576,88,,16
57.0809,142.529,-1589,32576,88,,16
57.0912,142.529,-1620,32576,88,,16
57.2809,147.126,-3633,32576,89,,17
57.2909,147.126,-3683,32576,89,,17
57.4712,153.428,-6091,32576,90,,18
57.481,154.286,-6136,32576,90,,18
57.4911,154.286,-6133,32576,90,,18
57.6711,164.364,-10323,30419,91,,19
57.6832,164.364,-10358,30384,91,,19
57.6909,164.364,-10397,30332,91,,19
57.8712,168.727,-12064,27744,92,,20
57.881,168.727,-12056,27764,92,,20
57.8911,168.727,-12044,27764,92,,20
58.0712,185.33,-14531,20852,93,,21
58.0809,185.33,-14525,20842,93,,21
58.0912,185.33,-14528,20837,93,,21
58.281,190.8,-15360,17065,94,,22
58.2912,190.8,-15367,17068,94,,22
58.4711,196.249,-16037,11832,95,,23
58.481,196.249,-16046,11828,95,,23
58.4911,196.249,-16052,11835,95,,23
58.6711,207.104,-16189,3267,96,,24
58.681,206.911,-16180,3300,96,,24
58.6912,207.104,-16186,3205,96,,24
58.871,220.317,-15967,-788,97,,25
58.8809,220.317,-15973,-804,97,,25
58.8909,220.317,-15974,-810,97,,25
59.0711,225.33,-15397,-5306,98,,26
59.081,225.33,-15393,-5342,98,,26
59.0912,225.33,-15390,-5325,98,,26
59.2711,238.505,-13639,-13881,99,,27
59.281,238.505,-13617,-13934,99,,27
59.2911,238.505,-13643,-13903,99,,27
59.4711,225.198,-15398,-5211,98,,26
59.481,225.462,-15362,-5429,98,,26
59.4911,225.198,-15388,-5251,98,,26
59.6711,220.185,-15956,-781,97,,25
59.681,220.317,-15946,-758,97,,25
59.6911,220.317,-15953,-806,97,,25
59.8711,199.921,-16221,8088,96,,24
59.881,199.921,-16223,8077,96,,24
59.8912,199.921,-16206,8092,96,,24
60.0809,196.249,-15983,11822,95,,23
60.0909,196.249,-15993,11825,95,,23
60.2712,190.681,-15284,17130,94,,22
60.2816,190.563,-15275,17158,94,,22
60.2911,190.563,-15286,17201,94,,22
60.4711,180.598,-13364,24367,93,,21
60.481,180.598,-13364,24351,93,,21
60.491,180.598,-13377,24351,93,,21
60.6711,168.727,-11980,27713,92,,20
60.681,168.727,-12002,27708,92,,20
60.8712,164.364,-10318,30342,91,,19
60.881,164.364,-10294,30337,91,,19
61.061,159.428,-7677,32576,90,,18
61.0711,159.428,-7667,32576,90,,18
61.081,159.428,-7668,32576,90,,18
61.2711,146.552,-3510,32576,89,,17
61.2809,147.126,-3571,32576,89,,17
61.471,141.954,-1519,32576,88,,16
61.4809,141.954,-1508,32576,88,,16
61.6711,135.0,772,32576,87,,15
61.681,133.75,796,32576,87,,15
61.8711,112.174,5053,32505,86,,14
61.881,111.304,5085,32459,86,,14
62.0711,104.604,7237,29960,85,,13
62.0809,103.961,7264,29953,85,,13
62.2711,81.3485,10637,24515,84,,12
62.2809,81.3485,10634,24530,84,,12
62.4712,76.1111,11920,21285,83,,11
62.481,76.1111,11937,21255,83,,11
62.6609,68.4008,13387,16862,82,,10
62.6712,68.4008,13402,16842,82,,10
62.6809,68.4008,13385,16881,82,,10
62.8711,47.2822,14977,8709,81,,9
62.8809,47.2822,14989,8704,81,,9
63.0711,42.404,15430,4758,80,,8
63.0809,42.404,15439,4768,80,,8
